:020000040800F2
:1000000028230020F5010008350F0008910E000894
:10001000310F0008710A00086D310008000000006F
:10002000000000000000000000000000592A000845
:10003000750A000800000000390F00085D2A00085A
:100040000F0200080F0200080F0200080F0200084C
:100050000F0200080F0200080F0200080F0200083C
:100060000F0200080F0200080F0200080F0200082C
:100070000F0200080F0200080F0200080F0200081C
:100080000F0200080F020008F90900080F0200081B
:100090000F0200080F0200080F0200080F020008FC
:1000A0006D2D0008A92D00080F0200080F0200089E
:1000B0000F020008F52F00080F0200080F020008C9
:1000C0000F0200080F0200080F0200080F020008CC
:1000D0000F020008D53000080F0200080F020008C8
:1000E000110E00080F0200080F0200080F0200089E
:1000F0000F0200080F0200080F02000800000000B5
:100100000F0200080F0200080F0200080F0200088B
:100110000F0200080F0200080F020008F92F000864
:100120000F0200080F0200080F0200080F0200086B
:100130000F0200080F0200080F0200080F0200085B
:100140000F0200080F0200080F0200080F0200084B
:100150000F0200080F020008000000000F02000854
:100160000F0200080F0200080F0200080F0200082B
:100170000F0200080F020008000000000F02000834
:100180000F0200080F0200080F0200080F0200080B
:100190000F0200080F02000800000000000000002D
:1001A000000000000000000000000000000000004F
:1001B0000F020008000000000F020008000000000D
:1001C000000000000000000000000000000000002F
:1001D0000000000000000000000000000F02000806
:1001E000DFF80CD000F0C4FB00480047B15600080F
:1001F000282300200648804706480047FEE7FEE720
:10020000FEE7FEE7FEE7FEE7FEE7FEE7FEE7FEE7C6
:10021000952B0008E101000840EA01039B0703D089
:1002200009E008C9121F08C0042AFAD203E011F835
:10023000013B00F8013B521EF9D27047D2B201E0F7
:1002400000F8012B491EFBD270470022F6E710B5DB
:1002500013460A4604461946FFF7F0FF204610BD34
:1002600010B54843044608F0D1F9002805D0002114
:10027000002C02D0641E0155FAE710BD2DE9FE4F97
:10028000804681EA0300C00F0C46009021F0004137
:1002900023F00045B8EB0200A94105D240462146B3
:1002A00090461C460B46024623F00040104347D0C0
:1002B000270DC7F30A00C3F30A510290401A0190B8
:1002C00040286BDAC3F3130040F4801B0098924679
:1002D00020B10023D2EB030A63EB0B0B01985946C4
:1002E000C0F14002504600F0F3F906460D46504674
:1002F0005946019A00F00BFA10EB08006141002406
:1003000087EA115284EAE7731A4340D0009A62B335
:10031000019A012A4FEA075215DC001B61EB02012A
:100320004FF0004202EA0752CDE90042001C41F5BD
:10033000801132462B4600F042FA03B0BDE8F08F40
:1003400040462146F9E7001B61EB0201001C41F524
:10035000801300185B412018A2F5001747EB03013A
:1003600040EAD570B6196D4111E06D084FEA3606C6
:1003700045EAC0754FEA0752001B61EB0201001C01
:1003800041F5801149084FEA3000001951413246C9
:100390002B4603B0BDE8F04F00F002BA00980122EE
:1003A00040000023D0EB020263EBE073009821468B
:1003B0004FEAE074B8EB000061EB0401E9E783F079
:1003C00000435BE781F0004158E72DE9FE4F81EAE9
:1003D000030404F0004421F0004100944FF0000BAE
:1003E00023F0004350EA01045ED052EA03045BD0DC
:1003F000C3F30A54C1F30A552C44A4F2F334019414
:10040000A0FB0254C1F3130141F48011C3F31303A1
:1004100043F4801301FB024400FB034E840A970A55
:1004200044EA815447EA8357A4FB076802958D0A82
:1004300005FB07854FEA932C04FB0C542705029D0E
:100440004FEA065847EA1637B5EB08056EEB070C7E
:10045000870E920E47EA811742EA8312A7FB020138
:10046000B6EB0B0164EB00042B0D43EA0C335E1872
:1004700044EB1C50DA465146E7FB0201C5F3130476
:100480004FEA0B3343EA14534FEA0432019C43EA28
:100490000603A4F10C040294009CCDE900B400F022
:1004A0008EF903B0BDE8F08F00200146F9E72DE991
:1004B000F04D81EA030404F0004B21F0004514469E
:1004C0004FF0000A23F0004150EA050220D054EA20
:1004D00001021DD0C5F30A570246C5F31303C1F349
:1004E0001300C1F30A5640F4801543F48013A7EBC0
:1004F0000608101BD64608F2FD3873EB050002D340
:1005000008F1010801E092185B41B8F1000F03DA2D
:1005100000200146BDE8F08D00204FF48011064612
:1005200084460EE0171B73EB050705D3121B63EB24
:10053000050306434CEA010C49084FEA30009218C3
:100540005B4150EA0107EDD152EA030012D082EA82
:10055000040083EA0501084305D0101BAB4106D215
:100560000122002306E000224FF0004302E06FF07A
:10057000010253101AEB06004CEB085110EB0A0075
:1005800041EB0B01BDE8F04D00F00AB930B5041E97
:1005900071F1000404DB4FF00044404264EB0101C0
:1005A000141E73F1000405DB1C464FF00043524259
:1005B00063EB0403101A8B4101D2012030BD0020EF
:1005C00030BD30B5041E71F1000404DB4FF000446F
:1005D000404264EB0101141E73F1000405DB1C466C
:1005E0004FF00043524263EB0403801A994101D259
:1005F000012030BD002030BD0EB5C10F80EAE07093
:100600000844CA07002140F233438DE80E000A4631
:100610000B4600F0D4F803B000BD0EB540F23341F4
:1006200002910021CDE900110A460B4600F0C7F8FF
:1006300003B000BD70B5C1F30A5201F000450024BB
:10064000C1F3130140F2FF3341F480119A4201DA01
:10065000002070BD40F233439A42A2F2334203DCE1
:10066000524200F044F800E090402C43F1D0404268
:1006700070BD00F0004230F000400AD0C10D01F51D
:100680006071C0F3160042EA0151C20840071143ED
:10069000704700200146704701F0004330B421F05C
:1006A000004150EA010206D00A0DA2F56072C1F3C2
:1006B0001301002A02DC30BC00207047440F44EADA
:1006C000C104C100E01830BC00EBC25000F031B8EA
:1006D000202A04DB203A00FA02F100207047914002
:1006E000C2F1200320FA03F3194390407047202AF7
:1006F00004DB203A21FA02F00021704721FA02F3CC
:10070000D040C2F120029140084319467047202A88
:1007100006DBCB17203A41FA02F043EAE07306E029
:1007200041FA02F3D040C2F1200291400843194639
:1007300070470029A8BF7047401C490008BF20F03F
:100740000100704710B4B0FA80FC00FA0CF050EAD7
:10075000010404BF10BC704749B1CCF1200421FA58
:1007600004F411FA0CF118BF012121430843A3EB53
:100770000C01CB1D4FEA00614FEA102042BF002060
:1007800010BC704700EBC35010440029A4BF10BC3C
:100790007047401C490008BF20F0010010BC7047A2
:1007A00010B5141E73F1000408DA401C41F1000179
:1007B00092185B411A4301D120F0010010BD2DE9D0
:1007C000F04D92469B4611B1B1FA81F202E0B0FAC7
:1007D00080F220329046FFF77BFF04460F4640EA46
:1007E0000A0041EA0B0153465A46084313D011460A
:1007F00053EA010019D0C8F140025046FFF777FFD5
:1008000005460E46504659464246FFF761FF0843EB
:1008100005D0012004E020463946BDE8F08D0020D7
:10082000054346EAE0762C4337430A986305E40A19
:10083000A0EB08000022FD0A44EA47540A3002D522
:1008400000200146E9E7010510196941DDE9084585
:1008500000196941BDE8F04DA2E770B521F00043F1
:1008600003430CD0C1F30A550024D5EB040564EB17
:100870000403D617AD1AB34102DB0020014670BD58
:10088000201841EB025170BD2DE9F041054621F0E1
:1008900000400C46284309D0C4F30A5040F23341CB
:1008A000884205DD28462146BDE8F0812846FBE761
:1008B00040F2FE31884210DC0CDB4FEA043040EAA3
:1008C000155050EA053105D0104804F000410143AD
:1008D0000020E9E700200146E6E7A0F23340464267
:1008E000C6F1400228462146FFF7F2FE0746884639
:1008F000284621463246FFF7FAFE43463A46FFF7BE
:100900004FFF3246BDE8F041FFF7E2BE0000F03F86
:1009100030B5041E71F1000404DB4FF00044404286
:1009200064EB0101141E73F1000405DB1C464FF05B
:100930000043524263EB04038B4208BF824230BD46
:1009400030B5041E71F1000404DB4FF00044404256
:1009500064EB0101141E73F1000405DB1C464FF02B
:100960000043524263EB0403994208BF904230BDFA
:100970001CB509480090094801900546009C06E016
:10098000E06840F0010394E8070098471034AC4257
:10099000F6D3FFF729FC0000E48A0008048B000866
:1009A00070B58C1810F8015B15F0070301D110F831
:1009B000013B2A1106D110F8012B03E010F8016B5E
:1009C00001F8016B5B1EF9D12B0705D40023521EE1
:1009D0000DD401F8013BFAE710F8013BCB1A921C49
:1009E00003E013F8015B01F8015B521EF9D5A14247
:1009F000D8D3002070BD000010B542F20004C4F24C
:100A000001042046012102F06FFC88B1204601213B
:100A100002F052FC40F22410C2F2000040F2C06129
:100A20000088C2F200010A8800F008001043088024
:100A30002046042102F044FC002808BF10BD2046D7
:100A4000042102F039FC40F2C260C2F200000078DA
:100A5000022800D110BD40F25C0040F20C51C2F2FD
:100A60000000C2F20001BDE8104003F007BB000027
:100A7000FEE700007047000010B50C2888BF10BDCD
:100A8000DFE800F02C074C4C4D0760134C404C4302
:100A9000700040F62C70C2F200000021017005F0D9
:100AA00013FFBDE8104005F095BA40F62C70C2F275
:100AB00000000024047005F007FF05F08BFA41F6F2
:100AC000D042C2F2000240F60000C4F202004FF42D
:100AD00000511470BDE8104004F0E8BD40F62C70E1
:100AE000C2F200000021017005F0EEFE05F072FA7E
:100AF00040F60000C4F202004FF40051BDE810407F
:100B000004F0D2BD05F066FA6FE005F05BF840F244
:100B1000D010C2F200000021A0F8421010BD40F237
:100B2000AC60C2F200000078411F012939D841F6BB
:100B3000C44141F2A440C2F20001C2F200000A68BE
:100B400000683BE040F62C70C2F200000024047004
:100B500005F0BAFE05F03EFA41F6D040C2F20000C0
:100B6000047010BD41F6D240C2F2000000210180A5
:100B700040F2AD60C2F20000017040F2AC6040F2A1
:100B80008812C2F20000C2F20002017040F2AE60B0
:100B9000D378C2F20000017083F00100D0701170B0
:100BA00010BD042819D140F25C01C2F2000141F2EB
:100BB000A440C98BC2F2000000680AB20021B2F161
:100BC000FF3FC8BF0121002807DCB0FA80F04009D0
:100BD000084002D103F092FF01E003F0BBFF40F2B6
:100BE0000C50C2F2000002F0F3FE05F075FE40F674
:100BF0002C70C2F200000121017010BD70B50C28EC
:100C000000F2FE80DFE810F00D003200FC00FC0076
:100C10008B00AF00FC00B700FC002700FC00760052
:100C20007A0041F6BC40C2F20000B0F90000002892
:100C300000F3A98041F23640C2F20000007800289B
:100C400000F0A18040F2B060C2F2000000780028FD
:100C500040F0B68097E041F6D040C2F20000007844
:100C6000012840F0978000F027F9A0E041F6D0403D
:100C7000C2F20000007878B140F2AC60C2F200002D
:100C80000078042100F0FE00022840F2C260C2F2A7
:100C9000000008BF0921017040F28810C2F2000074
:100CA000407828B140F2C260C2F200000C2101700D
:100CB00040F21004C2F2000494F84000012840F011
:100CC0009F80204603F084F840F25045C2F20005B0
:100CD0002046294605F09AFE40F28046C2F2000600
:100CE0002046314605F092FE28883080032084F8A3
:100CF000400070BDBDE8704004F0ECBF40F28810C9
:100D0000C2F20000407800287BD004F005FA41F6DA
:100D1000D240C2F2000001880131018070BD40F272
:100D2000AC64C2F2000420780538012805D841F6E9
:100D3000C440C2F2000002F069FE41F2A440C2F2D7
:100D400000000068002855D120780438022851D8C6
:100D500040F25C00C2F20000B0F91E00002836D458
:100D600003F0F8FE35E041F2A440C2F20000006852
:100D7000002846D124E040F2C060C2F200000088A2
:100D8000002818BF70BD40F2C260C2F2000000210E
:100D9000017070BD40F25C00C2F200000021C0F89A
:100DA0001E1040F2C260C2F200000521017040F244
:100DB000AC60C2F200000078043810F1030F1FD8B5
:100DC00040F2C260C2F200000121017070BD03F068
:100DD00095FE41F2684040F24452C2F20000C2F275
:100DE0000002416992F908205143B1F1FF3FDCBF95
:100DF0000021416141F6D040C2F20000007800B10C
:100E000070BD40F2C260C2F200000521017070BDE9
:100E100010B500244FF48050C4F2020403F09AFA93
:100E2000B0B11E2004F012FD4FF4805003F08CFA94
:100E300020464FF4805103F007FE012808D141F607
:100E4000D040C2F200000178B1FA81F14909017085
:100E50004FF4806003F07EFAC0B11E2004F0F6FC6F
:100E60004FF4806003F070FA04F580604FF4806105
:100E700003F0EAFD012818BF10BD40F28810C2F24D
:100E800000004178B1FA81F14909417010BD0000BC
:100E9000FEE70000B0B50321044603F07FF8216BA4
:100EA00005460846042102F007FA206B8021012242
:100EB00002F00CFA2846B0BD40F2706CC2F2000C91
:100EC000BCF8000040F2BC62C2F20002013012889D
:100ED00083B2B3FBF2F101FB1231002918BF0146C6
:100EE00040F2B860C2F20000038840F2AC60C2F287
:100EF00000008AB200789A42ACF800100DD240F29D
:100F0000BA61C2F20001022840F25C000988C2F214
:100F100000000CBF0184C1837047022840F25C00CE
:100F2000C2F200004FF000010CBF0184C183704782
:100F3000FEE70000704700007047000010B5013860
:100F4000082800F2D381DFE810F0090000016C00EE
:100F500098003C0030016C01C600A50140F2186207
:100F6000C2F2000241F6D0401278C2F20000012124
:100F700041F6D84C40F2C36E0170A2F11001C2F2EA
:100F8000000C0022C2F2000E8CF80010ACF8012018
:100F90008CF8271007E000BF00200EF80200013295
:100FA000042A00F0D98193B2002B0846F5D0022B19
:100FB000F2D0012BF0D00846022A98BF1CF802009C
:100FC000EBE740F21862C2F20002127840F2C06110
:100FD00041F6D84C40F2C36EC2F200010020103A34
:100FE000C2F2000CC2F2000E08808CF80020ACF8AF
:100FF00001008CF8272006E000210EF800100130D7
:10100000042800F0A98183B2002B1146F5D0022BF1
:10101000F2D0012BF0D01146022898BF1CF8001026
:10102000EBE740F21860C2F20000007841F6D84CBD
:1010300040F2C36EA0F11001C2F2000C0022C2F215
:10104000000E8CF80010ACF801208CF8271006E098
:1010500000200EF802000132042A00F07D8193B2D4
:10106000002B0846F5D0022BF2D0012BF0D0084619
:10107000022A98BF1CF80200EBE706F0BDFC40F224
:101080001860C2F20000007841F6D84C40F2C36EFE
:10109000A0F11001C2F2000C0022C2F2000E8CF886
:1010A0000010ACF801208CF8271006E000200EF8A4
:1010B00002000132042A00F04F8193B2002B08464F
:1010C000F5D0022BF2D0012BF0D00846022A98BFAF
:1010D0001CF80200EBE740F2C260C2F200000078A8
:1010E000012805D140F28810C2F2000001214170B0
:1010F00040F21860C2F20000007841F6D84C40F28D
:10110000C36EA0F11001C2F2000C0022C2F2000E68
:101110008CF80010ACF801208CF8271007E000BF15
:1011200000200EF802000132042A00F0158193B26B
:10113000002B0846F5D0022BF2D0012BF0D0084648
:10114000022A98BF1CF80200EBE740F21862C2F2D4
:101150000002127841F6D04141F6D84C40F2C36EFD
:10116000C2F200010020103AC2F2000CC2F2000EDE
:1011700008708CF80020ACF801008CF8272006E0FD
:1011800000210EF800100130042800F0E58083B241
:10119000002B1146F5D0022BF2D0012BF0D01146D6
:1011A000022898BF1CF80010EBE740F2C260C2F2C0
:1011B00000000178012908D140F2D011C2F20001EB
:1011C000012281F83D200B21017040F21860C2F22B
:1011D0000000007841F6D84C40F2C36EA0F1100137
:1011E000C2F2000C0022C2F2000E8CF80010ACF823
:1011F00001208CF8271006E000200EF802000132D2
:10120000042A00F0A98093B2002B0846F5D0022BE7
:10121000F2D0012BF0D00846022A98BF1CF8020039
:10122000EBE740F2C260C2F200000078012806D16C
:1012300040F21000C2F20000012180F8401040F29C
:101240001860C2F20000007841F6D84C40F2C36E3C
:10125000A0F11001C2F2000C0022C2F2000E8CF8C4
:101260000010ACF801208CF8271005E000200EF8E3
:1012700002000132042A6FD093B2002B0846F6D048
:10128000022BF3D0012BF1D00846022A98BF1CF89C
:101290000200ECE740F21860C2F20000007841F66C
:1012A000D84C40F2C36EA0F11001C2F2000C002233
:1012B000C2F2000E8CF80010ACF801208CF8271058
:1012C00006E000BF00200EF802000132042A43D0DD
:1012D00093B2002B0846F6D0022BF3D0012BF1D0AD
:1012E0000846022A98BF1CF80200ECE740F218609A
:1012F000C2F20000007841F6D84CA0F12002C2F200
:10130000000C0120ACF8010006208CF80300072037
:1013100050FA82F040F2C36100EB102E0023C2F2BB
:1013200000018CF800208CF827E004E00020C8546D
:101330000133052B10D09CB2002C1046F7D0022CA4
:10134000F4D0012C02D10120F1E700BF7046032B3D
:1013500098BF1CF80300EAE740F29860C2F2000070
:101360000121017010BD000010B582B00138C828FD
:1013700000F2CD82DFE810F085028A024602F00218
:10138000FF025B0291029A021F030F03050264022F
:101390003102E401A802B6023D032803CE013F0258
:1013A0006703DE012A02FE017102EB01CB02CB02D0
:1013B000870380031C024D02E3025402AE030E02B7
:1013C0002F03CB02CB02CB02CB02A503A80108035B
:1013D000A101930123027E0260036001C701A30201
:1013E000F902B503BF028A016E01DA03900383019B
:1013F00018034A037C01C900CE00E10351035703DF
:10140000D50179031E019E03C3033802F003C9000E
:10141000CE007003CB022E01AE01C60254010E04B1
:101420001701CB02CB02F701CB02CB02CB02CB02DE
:10143000ED0007019A01CB02CB02DA02250175010A
:10144000E600CA03F0013D013603FB002104DF0082
:10145000CB02CB02CB02CB02CB02CB020E015A0154
:10146000DA00F7032804BC032F0415041502FD035A
:101470004B01EA0300014303770267019703AF02C0
:10148000D4004401CB02CB02CB02CB02CB02CB0275
:10149000CB02CB02CB02CB02CB02CB02CB02CB02E4
:1014A000CB02CB02CB02CB02CB02CB02CB02CB02D4
:1014B000CB02CB02CB02CB02CB02CB02CB02CB02C4
:1014C000CB02CB02CB02CB02CB02CB02CB02CB02B4
:1014D000CB02CB02CB02CB02CB02CB02CB02CB02A4
:1014E000CB02CB02CB02CB02CB02CB02CB02CB0294
:1014F000CB02CB02CB02CB02CB02CB02CB02CB0284
:10150000CB02CB02CB02F4006A0240F24C60C2F282
:101510000000FFE240F24C60C2F20000821DFAE2DD
:1015200040F26050C2F20000821CF4E240F65C70AF
:10153000C2F20000EEE240F2C400C2F2000000F18C
:101540001602E8E241F23840C2F2000000F128023F
:10155000E1E24FF60000C0F6070000F5BA72F4E1D0
:1015600040F2D010C2F2000000F11402EDE140F2AE
:101570008860C2F20000C2E140F2B040C2F2000056
:1015800000F12002C7E24FF60000C0F6070000F5A8
:10159000BC72DAE141F6D84040F65C72C2F200005B
:1015A000C2F20002BBE240F2F060C2F2000000F1C1
:1015B0002202B0E240F28050C2F2000000F140028C
:1015C000A9E241F6D84041F23842C2F20000C2F22C
:1015D0000002A4E240F2605040F23042C2F2000049
:1015E000C2F2000201891268C088514391FBF0F0F9
:1015F00080E041F23840C2F2000000F122028AE2AB
:1016000040F26050C2F2000000F11B02CEE241F64F
:10161000D84040F2B042C2F20000C2F200027EE2C4
:1016200040F26050C2F20000006958E040F65C7081
:10163000C2F20000821C6EE240F28050C2F2000052
:1016400000F1780267E240F25C00C2F2000000F1B3
:10165000580260E240F25C00C2F2000000F10A02AF
:1016600059E241F23840C2F2000000F1260252E293
:1016700040F25C00C2F2000000F124024BE240F2B2
:101680005C00C2F2000000F1160244E241F6D840CC
:1016900040F2C062C2F20000C2F200023FE240F239
:1016A0008050C2F2000000F10C0234E24FF600005C
:1016B000C0F6070000F5BE7247E140F2C400C2F276
:1016C000000000F15C0271E240F2F060C2F2000042
:1016D000821C20E240F26050C2F20000C06840F27A
:1016E0003042C2F200024FF47A7112684843B0FBF4
:1016F000F2F000B2009041F6D840C2F200006A4613
:10170000F02110230EE140F28050C2F2000000F1FF
:101710007A0200E240F28040C2F2000000F12202B0
:10172000F9E141F6D84041F2A842C2F20000C2F20B
:101730000002F4E140F25040C2F20000821CEAE1F3
:1017400041F26840C2F2000000F12202E3E141F6FA
:101750000050C2F20000DDE141F23840C2F2000068
:1017600000F12002D7E140F26050C2F2000000F127
:101770001402D0E140F25040C2F2000000F1220217
:10178000C9E141F6D84041F26842C2F20000C2F21B
:101790000002C4E140F25C00C2F2000000F142022B
:1017A000B9E140F2D010C2F2000000F13D02FDE1CB
:1017B00040F25C00C2F2000000F11C02ABE140F21A
:1017C0008050C2F2000000F11402A4E140F2504047
:1017D000C2F2000000F120029DE141F26840C2F235
:1017E000000000F1200296E140F28050C2F20000B9
:1017F00000F130028FE140F25C00C2F2000000F123
:10180000200288E14FF60000C0F6070000F10C024C
:10181000CCE14FF60000C0F6070000F1800294E032
:1018200041F6C440C2F2000000F1080273E141F643
:10183000D84040F2B862C2F20000C2F200026EE18B
:1018400041F26840C2F20000821C64E140F2D01014
:10185000C2F2000000F1180277E041F60050C2F237
:101860000000821D57E14FF60000C0F6070000F5AA
:10187000017250E140F28050C2F2000000F15802C3
:1018800049E14FF60000C0F6070043E14FF60000C3
:10189000C0F6070000F108023DE141F6D84040F2F1
:1018A000C262C2F20000C2F2000283E141F6D840F7
:1018B00040F2AC62C2F20000C2F200027AE141F2F0
:1018C0001040C2F2000025E140F25C00C2F20000CC
:1018D00000F11E021FE140F2C400C2F2000000F15C
:1018E0005E0218E141F6D84040F28042C2F20000A8
:1018F000C2F2000213E140F2C400C2F2000000F1A3
:10190000080222E040F28810C2F2000002E1032047
:101910008DF8070041F6D840C2F200000DF1070231
:10192000E021082301F072F902B010BD41F6D84061
:1019300040F28862C2F20000C2F2000209E04FF6F3
:101940000000C0F6070000F1840241F6D840C2F260
:101950000000F0212023E4E041F6D84040F2BA62D2
:10196000C2F20000C2F20002D9E041F21040C2F21D
:101970000000821CCFE041F6D84040F2BC62C2F2C7
:101980000000C2F20002CAE040F2F060C2F20000C1
:1019900000F13002BFE041F6D84041F6C442C2F245
:1019A0000000C2F20002D4E740F25C00C2F2000084
:1019B00000F11802AFE041F6D84040F2AF62C2F247
:1019C0000000C2F20002F5E040F28040C2F20000E6
:1019D00000F120029FE040F25C00C2F2000000F142
:1019E000440298E041F23840C2F2000000F12402C3
:1019F00091E040F28040C2F20000821C8BE040F295
:101A0000B040C2F2000000F1220284E040F25C002B
:101A1000C2F2000000F122027DE040F24C60C2F20E
:101A20000000821C77E041F6D84040F2BE62C2F26C
:101A30000000C2F2000272E040F28050C2F20000E8
:101A400000F15A0267E041F6D84040F25042C2F23B
:101A50000000C2F2000262E041F6D84040F260525B
:101A6000C2F20000C2F2000259E040F28050C2F21D
:101A7000000000F134024EE040F25C00C2F20000CF
:101A800000F11A0247E041F6D84041F2A842C2F202
:101A90000000C2F200025CE740F25C00C2F200000B
:101AA00000F10E0237E041F60050C2F2000000F1F2
:101AB000120230E040F28050C2F2000000F1240235
:101AC00029E041F6D84040F2F062C2F20000C2F2D2
:101AD000000224E041F6C440C2F2000000F10A0214
:101AE00019E040F2C400C2F2000000F1480212E026
:101AF00040F65C70C2F2000000F10A020BE040F216
:101B00008050C2F2000000F1260204E041F23840A9
:101B1000C2F20000021D41F6D840C2F20000F021DE
:101B2000102302B0BDE8104001F070B840F25C0034
:101B3000C2F2000000F10C02EDE741F6D84040F29D
:101B40004C62C2F20000C2F20002E8E740F2B0408C
:101B5000C2F20000821CDEE740F28050C2F20000B8
:101B600000F13202D7E740F65C70C2F20000821D3D
:101B7000D1E740F2A83441F6D840C2F20004C2F2E4
:101B80000000F0212246502301F040F8002060714F
:101B900002B010BD40F2F060C2F2000000F120027D
:101BA000B9E740F28810C2F20000C21C41F6D840EA
:101BB000C2F20000F0210823B3E740F2C400C2F2F1
:101BC000000000F11702A6E740F65C70C2F20000C8
:101BD00000F108029FE741F6D84040F28812C2F2B5
:101BE0000000C2F20002E5E770B501460078013856
:101BF000052800F2E080DFE800F003968C914A9B14
:101C000040F21860C2F20000007841F6D84148F274
:101C1000C063A0F11004C2F2000120200022C0F62F
:101C200000030C70A1F80100985C092804D08E18FC
:101C300001321D2AF070F7D1202050FA84F24FF0C3
:101C4000FF3300BFC818007901331F2B0244F9D1BC
:101C500040F2C36502EB12220023C2F2000581F8B4
:101C6000272005E00020E8540133242B00F00381F5
:101C70009EB2002E2046F6D0022EF3D0012E01D1C6
:101C80002020F0E71046222B98BFC85CEBE788784D
:101C9000C97840F27B6440F27A62C2F20004C2F278
:101CA0000002217000211070002500F0EBF821786F
:101CB000044608460121012600F0E4F840F21861CC
:101CC000C2F200010978204200F0A780A1F11000C3
:101CD00041F6D84140F2C362C2F20001C2F20002F2
:101CE0000870A1F8015081F8270005E00023535542
:101CF0000135042D00F0BF80AEB2002E0346F6D0B1
:101D0000022EF3D0012EF1D00346022D98BF4B5D79
:101D1000EDE78878BDE87040FFF726BB8878BDE81E
:101D2000704000F095BA8878BDE87040FFF706B9BA
:101D300040F2186240F27B61C2F2000240F27A6027
:101D4000C2F200011278C2F200000E7841F6D841CA
:101D50000078A2F11004C2F2000102228B1C52FA98
:101D600084F50C70A1F80120C8700E7113F8010FF2
:101D7000013A0544FAD105EB152240F2C365002370
:101D8000C2F2000581F8272005E000BF0020E854DA
:101D90000133062B6FD09EB2002E2046F7D0022EC4
:101DA000F4D0012E02D10220F1E700BF1046042B2F
:101DB00098BFC85CEBE740F21860C2F20000007800
:101DC00041F6D841A0F12004C2F200010120A1F89F
:101DD0000100C870022050FA84F040F2C36500EBA5
:101DE00010220023C2F200050C7081F8272004E0C5
:101DF0000020E8540133052B3DD09EB2002E204632
:101E0000F7D0022EF4D0012E02D10120F1E700BF5D
:101E10001046032B98BFC85CEBE7A1F1200441F604
:101E2000D841C2F200010320C870042050FA84F0A7
:101E300040F2C36500EB10220023C2F200050C70D3
:101E4000A1F8016081F8272005E000BF0020E854D8
:101E50000133052B0FD09EB2002E2046F7D0022E64
:101E6000F4D0012E02D10120F1E700BF1046032B70
:101E700098BFC85CEBE740F29860C2F20000012115
:101E8000017070BD0F38732800F20F81DFE810F089
:101E900074000D010D010D010D014C010D010D012D
:101EA0000D010D01D50084010D010D010D018E0103
:101EB000EF000D010D010D010D010D010D010D01D1
:101EC0000D010D010D010D010D010D010D010D01A2
:101ED0000D010D010D010D010D010D010D010D0192
:101EE0000D010D0156016001A2019801A600F90043
:101EF000C1008E0067017101B501AC017E00CB000D
:101F0000BF018700B7009C0003010D010D010D0109
:101F10000D010D010D010D010D010D010D010D0151
:101F20000D010D019500D301C901B0000D010D0196
:101F30000D01DE007A010D010D010D010D010D01F4
:101F40000D010D010D010D010D010D010D010D0121
:101F50000D010D010D010D010D010D010D010D0111
:101F60000D010D010D010D010D010D010D010D0101
:101F70000D010D010D01E50040F25C0240F69C7080
:101F8000C2F20002C2F200001E325CE140F69C7018
:101F900041F2A842C2F20000C2F2000253E140F254
:101FA000805240F69C70C2F2000238E040F24C626F
:101FB00040F69C70C2F20002F4E041F6005240F696
:101FC0009C70C2F200021EE140F2805240F69C700A
:101FD000C2F20002C2F20000303234E140F25C0290
:101FE00040F69C70C2F20002C2F2000018322AE1F0
:101FF00041F6005240F69C70C2F20002F0E040F25E
:10200000805240F69C70C2F20002C2F200002632FA
:1020100019E140F25C0240F69C70C2F20002C2F28A
:10202000000024320FE140F2805240F69C70C2F270
:102030000002C2F20000343205E140F69C7041F625
:102040000052C2F20000C2F2000290E041F60052DB
:1020500040F69C70C2F2000276E040F25C0240F66C
:102060009C70C2F20002C2F200005832EBE040F273
:102070005C0240F69C70C2F20002C2F200001C3208
:10208000E1E040F25C0240F69C70C2F20002C2F253
:1020900000002232D7E040F2805240F69C70C2F23B
:1020A0000002C2F200003232CDE010B540F21860FA
:1020B000C2F20000007841F6D84CA0F12002C2F232
:1020C000000C0120ACF8010003208CF80300042070
:1020D00050FA82F040F2C36100EB102E0023C2F2EE
:1020E00000018CF800208CF827E004E00020C854A0
:1020F0000133052B10D09CB2002C1046F7D0022CD7
:10210000F4D0012C02D10120F1E700BF7046032B6F
:1021100098BF1CF80300EAE740F29860C2F20000A2
:1021200001210170002010BD40F25C0240F69C705D
:10213000C2F20002C2F20000203284E040F25C02EF
:1021400040F69C70C2F20002C2F200000A327AE04D
:1021500040F25C0240F69C70C2F2000267E040F67A
:102160009C7040F24C62C2F20000C2F200020632E1
:1021700069E040F69C7040F24C62C2F20000C2F28C
:10218000000260E041F6005240F69C70C2F200028C
:10219000C2F20000083256E041F6005240F69C7050
:1021A000C2F20002C2F2000004324CE040F25C02D3
:1021B00040F69C70C2F20002C2F200001A3242E005
:1021C00040F25C0240F69C70C2F20002C2F20000D3
:1021D000163238E040F25C0240F69C70C2F2000217
:1021E000C2F200000E322EE040F69C7040F2BE6259
:1021F000C2F20000C2F2000225E040F24C6240F65A
:102200009C70C2F20002C2F2000002321BE040F2F7
:10221000805240F69C70C2F20002C2F200004032CE
:1022200011E041F6005240F69C70C2F20002C2F288
:1022300000000C3207E040F69C7041F60052C2F2FA
:102240000000C2F2000240F8212001207047000087
:1022500010B582B00438812800F2FD81DFE810F06B
:102260008200B301CA01FB01A601140286024E01DD
:10227000CB024701D2027C01FD01ED013901BD0213
:10228000C402EE02E0021B01F401FB01FB01FB01B1
:10229000FB01FB01FB01FB01FB01FB012203290107
:1022A000D1015501FB01FB01FB01FB0133024001A0
:1022B000F700FB0139039601AC01AD02BA01BE0083
:1022C0002201D9026103FB01FB01FB01FB01FB01C0
:1022D000FB01FB01FB01FB01FB01FB01FB01FB011E
:1022E000FB01FB01FB01FB01FB01FB01FB01FB010E
:1022F000F0009602E900FB01D80068010402F50233
:1023000089000E01FB01FB013A02FB01FB01FB010D
:10231000FB01FB01FB01FB01FB01FB014C02740310
:102320002302AE009000940349039E00FB01FB01D1
:10233000FB01FB01FB01FB01FB01FB01FB01FB01BD
:10234000FB01FB01FB01FB01FB01FB01FB01FB01AD
:10235000FB01A602E70297003203FB011203FB0117
:10236000A8038403B1F8034040F2BA6CC2F2000C37
:10237000F0E2B1F8034040F2F06CC2F2000C09E365
:10238000B1F8034041F2384CC2F2000C72E1B1F8EE
:10239000034040F2B04CC2F2000CFBE2B1F8034043
:1023A00041F2384CC2F2000C41F6D840C2F20000B3
:1023B000F02100220023ACF82440F4E2B1F80340FD
:1023C00041F2384CC2F2000C41F6D840C2F2000093
:1023D000F02100220023ACF82840E4E2B1F80340E9
:1023E00048F2010140F2805C47F6FF70CFF6FF71C2
:1023F000C2F2000CA040A140CCE9180141F6D8403F
:10240000C2F20000F02100220023ACF87A40CAE2B8
:1024100040F2605C40F23042C2F2000CC2F20002B4
:10242000BCF808001268B1F803105043B0FBF1F497
:10243000B2E1B1F8034040F2605CC2F2000C89E204
:10244000B1F8034040F24C6CC2F2000C12E140F2D1
:10245000F064C2F20004B1F80300628C20864142AD
:102460009040C0F1000C41F6D8406182C2F20000F9
:10247000F02100220023C4F80CC094E240F2F06C7A
:10248000C2F2000CB1F80300BCF91210ACF8220043
:1024900001FA00F423E2B1F8034040F2504CC2F2DA
:1024A000000C77E2B1F8034041F2104CC2F2000C8C
:1024B000E0E0B1F8034041F6C44CC2F2000C41F632
:1024C000D840C2F20000F02100220023ACF80A40FC
:1024D00069E2B1F8034040F2804CC2F2000C59E2CC
:1024E000B1F8034040F2F06CC2F2000C42E2B1F8E5
:1024F000034041F2684CC2F2000C4BE2B1F80340D9
:1025000041F2684CC2F2000C24E2B1F9030040F23F
:102510005C0141F2684CC2F20001C2F2000CA1F869
:102520004400BCF82210ACF8120000FA01F4D6E125
:10253000B1F8030040F23041C2F20001096840F2F4
:10254000605C484344F6D351C1F26201A0FB010133
:102550008C09C2F2000CC2E140F25C0EC2F2000E25
:10256000B1F903C0BEF94200844500F33182BEF9DF
:1025700044008445C0F22C8241F6D840C2F20000EB
:10258000F02100220023AEF81EC00CE2B1F8034097
:1025900040F2805CC2F2000C41F6D840C2F200006A
:1025A000F02100220023ACF81440FCE1CC7840F28A
:1025B000AD6CC2F2000C6CE0B1F8034040F2805CFC
:1025C000C2F2000C64E1B1F8034040F2BC6CC2F20C
:1025D000000CBFE1B1F8034040F2805CC2F2000C95
:1025E00041F6D840C2F20000F02100220023ACF8EE
:1025F0007840D8E1B1F8034040F2B86CC2F2000C68
:10260000A8E1B1F9030040F25C0141F2684CC2F26A
:102610000001C2F2000CA1F84200BCF82210ACF894
:10262000100000FA01F441F6D840C2F20000F02197
:1026300000220023CCF80840B5E1B1F8034040F295
:10264000804CC2F2000C95E1B1F8034040F2504CCE
:10265000C2F2000C53E10320BBE1B1F8034040F2A9
:10266000804CC2F2000C75E1B1F8034040F2881CC6
:10267000C2F2000C41F6D840C2F20000F021002264
:102680000023ACF804408EE1CC7840F2AF6CC2F28B
:10269000000C41F6D840C2F20000F02100220023D5
:1026A0008CF800407FE1B1F8034041F2384CC2F2AF
:1026B000000C41F6D840C2F20000F02100220023B5
:1026C000ACF826406FE1B1F8034040F2F06CC2F282
:1026D000000C3FE1B1F8030040F26052C2F2000288
:1026E000908241F6D840C2F200000C46F021002250
:1026F000002300F08BFA214640F21862C2F2000279
:10270000D1F8030040F288611278C2F2000141F66C
:10271000D84C40F2C36E0860A2F11001C2F2000C66
:102720000022C2F2000E8CF80010ACF801208CF8E8
:10273000271005E000200EF802000132042A0DD017
:1027400093B2002B0846F6D0022BF3D0012BF1D028
:102750000846022A98BF1CF80200ECE740F2986095
:10276000C2F200000121017002B010BDD1F8034097
:1027700041F6C44CC2F2000C41F6D840C2F200004F
:10278000F02100220023CCF800400CE1B1F8034016
:1027900040F24C6CC2F2000C41F6D840C2F200008C
:1027A000F02100220023ACF80640FCE0B1F8034021
:1027B00040F2B04CC2F2000CCCE0B1F8034040F261
:1027C000805CC2F2000C41F6D840C2F20000F02159
:1027D00000220023ACF85A40E5E0B1F8034040F293
:1027E000804CC2F2000C8AE0B1F8034040F25C0C6D
:1027F000C2F2000CCEE0B1F8034041F2684CC2F2E4
:10280000000CB7E0B1F8034041F2684CC2F2000C92
:1028100075E0B1F8034041F2104CC2F2000CA9E09F
:10282000B1F8034040F2504CC2F2000CA2E0B1F803
:10283000034040F2B04CC2F2000C9BE0B1F8034000
:1028400040F2504CC2F2000C84E0B1F8030040F2B8
:102850003041C2F20001096840F2605C484344F62E
:10286000D351C1F26201A0FB01018C09C2F2000C3C
:1028700041F6D840C2F20000F02100220023CCF83B
:10288000104090E0B1F8034040F25C0CC2F2000C42
:1028900041F6D840C2F20000F02100220023ACF83B
:1028A000584080E0B1F8034041F6C44CC2F2000C3D
:1028B00041F6D840C2F20000F02100220023ACF81B
:1028C000084070E0B1F8034040F2B04CC2F2000C96
:1028D0001DE0B1F9034040F2805CC2F2000C41F609
:1028E000D840C2F20000F02100220023CCF80C40B6
:1028F00059E0B1F8034041F2384CC2F2000CBCF987
:102900001000BCF91210A040A140CCE9020141F630
:10291000D840C2F20000F02100220023ACF822408F
:1029200041E0B1F8030040F2C40CC2F2000CACF874
:102930004800440041F6D840C2F20000F0210022D5
:102940000023ACF84A402EE0B1F8034041F2384C85
:10295000C2F2000C41F6D840C2F20000F021002281
:102960000023ACF800401EE0B1F8034040F2605C88
:10297000C2F2000C41F6D840C2F20000F021002261
:102980000023ACF802400EE0B1F8034041F2384CAD
:10299000C2F2000C41F6D840C2F20000F021002241
:1029A0000023ACF8204002B0BDE8104000F02EB982
:1029B000B1F8034040F2C40CC2F2000C41F6D8401A
:1029C000C2F20000F02100220023ACF85E40EAE7EA
:1029D00005208DF8070041F6D840C2F200000DF145
:1029E0000702E021082300F011F902B010BD000039
:1029F0004FF2F370C1F6FF700078811E232915D8BD
:102A00000120DFE801F01213121213121212131335
:102A10001312121212131212121212121212121393
:102A20001312121212121212121270470020704763
:102A30004FF6D070CEF20F00017801F00F01092996
:102A400008D1017D007E090960F306113B2904BF0E
:102A500001207047002070477047000010B540F219
:102A60004450C2F200004168408941F2A442014151
:102A700040F25C50C2F200000068C2F20002116035
:102A800003F0BEF940F2AF61C2F20001097841F2F1
:102A9000A844C2F200040129206008BF01F09EFC96
:102AA00040F22610C2F200000078FEF7A7F840F2CC
:102AB0007E6CC2F2000CBCF8021041F6DB225143DE
:102AC00040F2D072CFF6300202EB411140F688722C
:102AD000090CC2F20002118041F60052C2F200025B
:102AE00041F626539180C2F20003BCF80010B3F9FE
:102AF0000030246859438B0B41F38F3E41F6C441AB
:102B0000C2F2000142F635704968C0F20200444347
:102B10004843C00B508040F28860C2F20000E40BD2
:102B2000D0E901011480172461436043C90BC00B35
:102B3000D3801181508140F27F2040F2241240F274
:102B4000C0618645C2F20002C2F2000101DA02232E
:102B500004E018B2B0F55C6F05DB012310880C8827
:102B6000184020430880BCF8020040F679239842C0
:102B700005D310880A8800F00400104308800888F4
:102B8000002808BF10BD40F2C260C2F20000072159
:102B9000017010BDB0B54EF68854CEF20004206826
:102BA00043F6000540F4700020600120C4F20205E5
:102BB00000F08CFF286840F001002860286880073A
:102BC000FCD5A86820F00300A86000BFA86810F03A
:102BD0000C0FFBD128684FF6FF71CFF6F261084069
:102BE00028604FF08040A86040F2C17068604FF4E8
:102BF0007120C5F8A0004FF41F00E860002000F02D
:102C000065FF4FF0006044F8800CB0BD2DE9F04F37
:102C100083B0844640F21860C2F2000000784FEAA8
:102C2000D30E00EB010BE246DD0A60464FEAF307E4
:102C30000AF801EF0A2F00F8025F8CF800B000F2EA
:102C400085800621029105210191022100914FF01A
:102C500004080126032314469146DFE807F03734C1
:102C60002E7722777777777706001178941D8CF886
:102C7000051051780A278CF80610917807268CF8F1
:102C80000710D17809238CF8081011798CF80310FB
:102C900051798CF804100C2102910B21019108212B
:102CA000009121780CF80310915D1E460CF8071076
:102CB0000099DDE9013802EB010999F8001032446E
:102CC0000CF80310434611780CF803105FFA8EF1EC
:102CD00051EA052255FA8EF151FA8BF30AD00CF124
:102CE00003070026002500BFB95D0135EEB2B242F0
:102CF0000B44F9D803EB1321634640F2C36503F894
:102D0000271FD71C04320026C2F2000505E000BFD1
:102D10000978A9550136B2420FD0B4B2022C01464F
:102D2000F6D0012C5146F3D0002C6146F0D0194664
:102D3000BE4238BF0CEB0601EAE740F29860C2F2EF
:102D400000000121017003B0BDE8F08F48F2C064BB
:102D50000CF103020023C0F6000400BFE15C092966
:102D6000B4D0D15401331D2BF8D1AFE710B50024F6
:102D7000C4F201042046802104F0DCF8002808BFDA
:102D800010BD2046802104F0D1F840F22410C2F298
:102D9000000040F2C0610088C2F200010A8800F021
:102DA00008001043088010BD2DE9F0410024C4F252
:102DB00001042046012104F0BDF8002800F017812D
:102DC0002046012104F0B2F802F0F4FE40F2D010E7
:102DD000C2F2000090F83D10012909D190F83C00A2
:102DE000012805D140F2D010C2F2000003F004FC2B
:102DF00040F2241040F22818C2F20000C2F200088B
:102E00000488404603F080FD40F2C061C2F2000138
:102E10000A882040104340F68472C2F2000241F258
:102E200098451268C2F2000508804046294602F023
:102E30001BFB698843F6FE72411A09B29142288051
:102E4000688002DD4FF6FF7106E04CF20102CFF61A
:102E5000FF72914203DC0121AA881144A98040F24B
:102E6000B06140F62C72C2F20001C2F20002097891
:102E700012780A4200F09D8040F2AC67C2F200076F
:102E8000397800294DD040F2BE61C2F200010880BD
:102E900004F088FB41F6D44540F25C06C2F200051E
:102EA000C2F20006286006F10A0006F1160101F0E0
:102EB00011FC3046294601F0BFFC40F27664738B6A
:102EC0003A78C2F200042380931EB6F91C00B6F9CA
:102ED0002010042B40F27267F38BC2F2000760806F
:102EE00079803B8047D8091A40F25040C2F2000076
:102EF00003F094FC40F24C6540F28046C2F20005BB
:102F0000C2F20006E8802846314601F0ADFCB7F970
:102F10000000B4F90010411A304603F07FFCA8808D
:102F200031E040F24C6541F21046C2F20005C2F2B7
:102F300000062846314601F075FCB6F9000040F263
:102F4000BE61C2F20001088004F02CFB41F6D446B9
:102F500040F25C07C2F20006C2F20007306007F1DF
:102F60000A0007F1160101F0B5FB3846314601F0C1
:102F700063FC284605E0012A05D140F24C60C2F20C
:102F8000000001F089FB40F24C65C2F2000541F6F9
:102F9000D441C2F20001284601F02CFC40F20C564C
:102FA000C2F200062846314603F002FE304603F026
:102FB0006BFC40F27C64C2F200042078411C41F6B4
:102FC0000050C2F20000027C4BB293422170B8BFA5
:102FD000BDE8F08140F2BE62C2F2000298F8001033
:102FE00012888181C28104F0EFFB00202070BDE8CF
:102FF000F081000001F020BE10B541F20044C4F29F
:1030000000042046012103F095FF00285ED02046F1
:10301000012103F08BFF41F2984041F29E43C2F23E
:103020000000C2F20003B0F900C0B0F90420B3F907
:103030000440B3F90010121BACEB0101046801EB72
:10304000C23140F2E042C2F200021C608088D468C3
:1030500098800819D06000EE100A40F2C2609FED1F
:103060001C1AC2F20000B8EEC00A007820EE010A75
:1030700040F28861BDEEC00AC2F20001042881ED71
:10308000020A23D140F2AC60C2F200000078053899
:10309000012888BF10BD41F6C44041F2A441C2F2EC
:1030A0000000C2F2000140680968411A41F6C040C0
:1030B000C2F20000016041F26840C2F2000003F079
:1030C000ADFB40F25C01C2F20001C88310BD00BF3D
:1030D00000A08C3EB0B582B041F20005C4F20105FB
:1030E0002846102104F00EFCE8B346F230042846CE
:1030F0001021C4F2020404F0EFFB2046002101F08D
:1031000011F8204601F014F841F61A52C2F20002FA
:10311000157841F61451C0F10C03C2F20001412DA3
:103120000B8009D15278C0F1090083B293424880E4
:1031300004D104F0C5FA0EE00B2000E00C208DF85D
:10314000070041F6D840C2F200000DF10702E0216D
:103150000823FFF75BFD20460C2100F0EDFF204621
:10316000012100F0DFFF02B0B0BD0000FEE700006B
:103170000A78436802F0010223F4807343EA0222D2
:1031800042604A78836862F3410383608A78836887
:1031900002F0010223F4006343EAC2228260C9788C
:1031A000C26A013901F00F0122F4700242EA0151B2
:1031B000C16270474FF0807101607047816841F0D3
:1031C00008018160704700008068C0F3C00070474C
:1031D000816841F004018160704700008068C0F39D
:1031E0008000704742F20431C4F2010102780B689A
:1031F00062F304030B6042780B6802F00F0223F4C1
:10320000702343EA02420A6082780B6802F00402EB
:1032100023F0805343EA82620A6082780B6802F0EE
:10322000030223F4404343EA82320A60C2780B6807
:1032300002F0010223F4005343EA42320A600279A9
:103240000B6802F00F0223F4706343EA02220A6063
:1032500042790B6802F0010223F4000343EAC252F0
:103260000A6080790A6800F0010022F4800242EAD4
:1032700080500860704700000021C0F80310016012
:1032800070470000826801F0010122F4807242EA76
:103290000121816070470000826801F0010122F481
:1032A000007242EA4121816070470000826861F348
:1032B0000002826070470000C9430160704700004F
:1032C0000068084018BF01207047000032B1012A91
:1032D00018BF70474268114341607047426822EA54
:1032E00001014160704700004B1E02461F2B4FF04A
:1032F00000001AD80FF20401DFE803F01031222396
:10330000222222222222222222222222222222229D
:1033100022222222222222222222222A1068C007CE
:1033200020D05068C0F380107047802918BF7047C4
:10333000106800065CBF002070475068C0F3C06092
:103340007047106840070DD55068C0B2C00970477B
:103350001068800606D55068C0F38060704710681A
:10336000800701D4002070475068C0F340107047B8
:10337000B0B501EB410C4FF00C0E0A2928BFACF19F
:103380001E0C38BF4FF0100E50F80E40072505FAFE
:103390000CF5AC4303FA0CF3234334256FF004041B
:1033A00040F80E30062A88BF302588BF6FF022040F
:1033B00002EB82030C2A84BF2C256FF040041A19FB
:1033C00043591F249440A343914019434151B0BD38
:1033D000F0B58BB0082042F200040027C0F2440090
:1033E0000121C4F20104CDE90877012600F046FC72
:1033F0000DF119052846FFF73FFF4FF40070ADF8B7
:1034000019002846CDF81B708DF81F70FFF7EAFEF3
:103410000225C0F2300505F11400012100F02EFC58
:103420004FF44010012100F029FC681E012100F03A
:1034300025FC2846012100F021FC2846012100F04E
:103440001DFC08AD284601F0B9FA03208DF82600CE
:103450001020089004F560402946ADF8246001F082
:10346000B5FA0220089004F56440294601F0AEFA4E
:10347000089604F568463046294601F0A7FA082068
:1034800008903046294601F0A1FA20460021FFF7B6
:103490000DFF46F20805C4F202052846002100F09F
:1034A00041FE284600F0ACFE6E46304600F046FE77
:1034B0000420C0F20010CDF80A0040F27E60C2F293
:1034C0000000019004F14C0000904FF00130CDF865
:1034D0000E0028463146ADF8087000F043FE04F5B2
:1034E000A03005F1FC01052200F030FE2846012144
:1034F00000F018FE0DF115052846FFF75BFE0120D0
:10350000C0F20040CDF8150020462946FFF730FEF6
:103510002046002100F094F92046042101220123D5
:10352000FFF726FF2046092102220123FFF720FF93
:1035300020460A2103220123FFF71AFF20460D210E
:1035400004220123FFF714FF20460021002200F08F
:1035500029F820460121FFF795FE20460121FFF7BB
:103560009BFEA068C0071AD120460121FFF79EFEEE
:1035700020464021FFF7A4FE0028F9D02046FFF79F
:103580001DFE00BF2046FFF71FFE0028FAD120468F
:10359000FFF71EFE2046FFF721FE0028FAD10BB0F0
:1035A000F0BD0000836810294FEA016105D343F0A4
:1035B0000043836001F0706102E023F00043836008
:1035C000836802F0030223F070631943816081680D
:1035D00021F0405141EA027181607047826801F038
:1035E000010122F0804242EA81718160704700004F
:1035F000826B013901F0030122F4401242EA0151C9
:1036000081637047B0B501EB410C4FF00C0E0A29F5
:1036100028BFACF11E0C38BF4FF0100E50F80E4012
:10362000072505FA0CF5AC4303FA0CF3234340F8E5
:103630000E30836BC3F30153D21A03324FF0FF33C2
:1036400053FA82F2032A88BFB0BDDFE802F002110C
:10365000070C826B61F304028263B0BD826B61F37D
:103660008E228263B0BD826B61F3D3328263B0BDC0
:10367000826B61F349128263B0BD0000F0B587B080
:1036800042F20004C4F20104002720460021CDE9E3
:103690000477FFF70BFE0820C0F244000121012649
:1036A00000F0ECFA0DF109052846FFF7E5FD4FF4AF
:1036B0000070ADF809002846CDF80B708DF80F703A
:1036C000FFF790FD4FF44010012100F0D7FA4FF4BE
:1036D0004010012100F0D2FA4FF44010012100F017
:1036E000CDFA04AD284601F069F90320ADF8146065
:1036F000049604F560468DF816003046294601F020
:1037000065F9022004903046294601F05FF9042053
:1037100004903046294601F059F90DF10505284677
:10372000FFF748FD0120C0F20040CDF8050020461B
:103730002946FFF71DFD2046002100F081F82046B4
:103740000321FFF755FF2046002101220123FFF747
:1037500059FF2046012102220123FFF753FF204693
:10376000022103220123FFF74DFF20460021012201
:1037700000F03CF820464FF4800100F06BF8204642
:103780004FF46E6140F21D1200F074F820464021A3
:103790000122FFF79BFDA068C0071AD12046012136
:1037A000FFF784FD20464021FFF78AFD0028F9D06D
:1037B0002046FFF703FD00BF2046FFF705FD002868
:1037C000FAD12046FFF704FD2046FFF707FD002849
:1037D000FAD107B0F0BD000003298FBF002001F02F
:1037E0003F0100EB8100C06B80B2704783681029F5
:1037F0004FEA014105D343F40003836001F47021D3
:1038000002E023F400038360836802F0030223F4E0
:10381000702319438160816821F4401141EA02510B
:1038200081607047826801F0010122F4800242EA5F
:1038300081518160816821F48001816070470000BE
:10384000426801F0030122F0407242EA01614160E6
:1038500070470000426822F400024260426822F48D
:1038600080024260426822F4007242604268114362
:1038700041607047D0F824C04FF6FF732CEA030371
:1038800019444162816A6FF30F01114481627047EC
:1038900000F500510AB2002A48BFA0F5C0414FF41C
:1038A000FC4208B202EA412148F2E0628009C0F617
:1038B000000202EB400332F91000B3F90220C1F517
:1038C000004358430023C7F6FF73184012FB010062
:1038D0006FF0010101EAD03000B270474FF4FC42B2
:1038E000C0F3881102EA402048F2E062C0F600020C
:1038F00002EB410332F91110B3F90220C0F5004385
:1039000059430023C7F6FF73194012FB00106FF0F4
:10391000010101EAD03000B2704700002DE9F04FFC
:1039200085B04FF44010012100F0A8F940F2000BDF
:1039300040F20119C4F2020BEA464FF48055C0F27E
:103940000019584651460095CDF8049001F03EF814
:103950000E27C0F244073846012100F08FF90020FD
:103960000C214FF0000802F0FFFF02AC204600F0EF
:10397000E5FC03954FF4807520468DF80880ADF87E
:10398000105000F0F1FC0120C0F23000012100F0E5
:1039900075F94FF480660BF580605146CDE90069FA
:1039A00001F014F83846012100F068F901200A21DD
:1039B00002F0DAFF204600F0C1FC20468DF80880B6
:1039C0000396ADF8105000F0CFFC05B0BDE8F08FC5
:1039D00010B504460068012103F07CFC206800213A
:1039E000002203F073FA20680221002203F06EFA2D
:1039F00020680421002203F069FA012001F026FF6B
:103A000020680021BDE8104003F064BCD0E9001C30
:103A1000B0F90820A1EB0C0393420FDA80B5B0F99E
:103A20000AE0CEF10002934204DAACEB0E028A42C5
:103A3000C8BF1146BDE880404160704762448A4279
:103A4000B8BF11464160704743F6A401C4F20201B9
:103A50000A6800F00F0042F030020A6051F89C2C16
:103A600022F0F00242EA001041F89C0C086820F0B5
:103A7000300008607047000043F60801C4F20201FC
:103A80000A6800F0070022F4E05242EA8020086051
:103A90007047000043F60801C4F202010A6800F012
:103AA000070022F4604242EA40300860704700009C
:103AB00043F6A401C4F202010A6800F0070022F4F0
:103AC000E04242EA003008607047000043F6A4017B
:103AD000C4F202010A68012822F0300208BF303225
:103AE0000A607047042888BF7047DFE800F0032BA6
:103AF00015220C0043F60000C4F20200026861F3D4
:103B000000020260704743F60000C4F20200426FF8
:103B100061F300024267704743F60000C4F20200FE
:103B2000026801F0010122F0807242EA0161016045
:103B3000704743F60000C4F20200026F61F3000216
:103B40000267704743F60000C4F20200026801F009
:103B5000010122F4803242EA014101607047000015
:103B600043F6040CC4F2020CDCF8043041F20022EB
:103B7000C0F27A02C3F3810310B5DFE803F0021349
:103B80001A2FDCF89C10490446F60041C0F2DC21F3
:103B900058BF11460160DCF8A020C2F3024221FAAE
:103BA00002F21BE00260DCF8A010C1F3C241CA407F
:103BB00014E0DCF80010DCF80010DCF80030C1F391
:103BC000881EDCF8001015A4C1F30341615C03F00A
:103BD0000F030EFB02F25943B2FBF1F20260DCF874
:103BE000041012A2C1F30311515C026848F2B863D9
:103BF00022FA01F14160DCF80420C0F60003C2F3B0
:103C000082229A5C21FA02F2C260DCF80420C2F33C
:103C100042329A5CD140816010BD00BF01020406AF
:103C2000080A0C0E10121416181A1C1E00000000B0
:103C300000000000010203040607080943F6000221
:103C4000010CC4F20202895800F01F0021FA00F0B2
:103C500000F001007047000043F600000021C4F2AC
:103C6000020000BF0268920304D4B1F5405F01F185
:103C70000101F7D30068C0F34040704743F60002EB
:103C800000F01F034FF0010CC4F2020201290CFAEC
:103C900003F14FEA1040835814BF23EA010119438E
:103CA0008150704710B543F6040CC4F2020CDCF8E6
:103CB00000E000F001042EF0804040EA8470CCF86F
:103CC0000000DCF8000061F38E10CCF80000DCF896
:103CD000000003F00F0162F30300CCF80000DCF8F1
:103CE000000020F4702040EA0140CCF8000010BD34
:103CF00043F60401C4F202010A6800F0070022F44E
:103D0000E00242EA005008607047000043F60401F8
:103D1000C4F202010A6800F0010022F0005242EAF7
:103D2000407008607047000043F60000C4F20200D3
:103D3000D0F8A41041F03001C0F8A410016841F09F
:103D40000101016001688907FCD5816821F0030148
:103D5000816000BF816811F00C0FFBD101684FF644
:103D6000FF72CFF6F262114001604FF08041816036
:103D700040F2C17141604FF47121C0F8A0104FF4BE
:103D80001F01C160D0F8A41021F03001C0F8A410C8
:103D90007047000043F6A401C4F202010A6842F031
:103DA00030020A6051F89C2C60F3010241F89C2C0F
:103DB000086820F0300008607047000043F60800F3
:103DC000C4F202000068C0F38100704700000000E8
:103DD0002DE9F04F81B02DED068B82B00446808B2B
:103DE0009FED6B1A00EE100AB8EE400A80EE010A51
:103DF00010EE100AFCF73DFC94ED040B02460B4656
:103E000051EC100BFCF7E1FAFCF746FC0646D4E94E
:103E10000001A66191ED000AB0EE081A90ED008A4B
:103E200020EE011A81EE081A9FED5A2AE08B9FEDD1
:103E30005AAA82EE011A02EE100AB8EE422AB4EE35
:103E4000421AF1EE10FAC2BFBDEEC11A11EE100A0D
:103E5000E083E18B208C814288BFE083E08B01EE20
:103E6000100AB8EE419A20EE090A20EE0A0A10EE76
:103E7000100AFCF7FEFB94ED020B02465AEC10BB55
:103E80000B4658465146FCF7A0FA054630460F4609
:103E9000FCF7EFFB064689462846394632464B4634
:103EA000FCF705FB41EC100B0546884684ED0A0B38
:103EB00004F086F904F004FA53EC102B9FED320B5A
:103EC00051EC100BCDE90001FCF779FAFCF7B2FBDD
:103ED0000F270F2828BF38460121A08701FA00F0DC
:103EE000FCF79BFB02460B4628464146FCF76DFA61
:103EF000FCF7A0FB28EE090A20EE0A0A208710EE44
:103F0000100AFCF7B6FB02460B4658465146FCF732
:103F10005CFA32464B46FCF7CAFA0546606A0E4622
:103F2000FCF76AFB02460B4628463146FCF7BFFA0F
:103F300041EC100B05460E4684ED0C0B04F040F9E5
:103F400004F0BEF9DDE9000153EC102BFCF737FA61
:103F5000FCF770FB0F2838BF07460120B840E78701
:103F6000FCF75BFB02460B4628463146FCF72DFA70
:103F7000FCF760FB608702B0BDEC068B01B0BDE8CA
:103F8000F08F00BF00BF00BF0000000000002A400B
:103F900000F07F454CBE8C40D7B3DD3F2DE9F043A8
:103FA00081B040F2B166C2F2000632780D46102AA6
:103FB000044642D840F2B46840F2B66940F2B267B3
:103FC000C2F20008C2F20009C2F2000703E000BF1B
:103FD0003078102831D8206B04E000BF3078411CC5
:103FE000206B31700421FFF76BF90028F0D0206BB3
:103FF0000421FFF761F930780028EFD035B1206B4C
:104000000021FFF7E9FB398808443880022D08D3E6
:10401000206B0121FFF7E0FBB8F800100844A8F876
:104020000000032DDAD3206B0221FFF7D5FBB9F88E
:1040300000100844A9F80000D0E740F2B260012D5A
:10404000C2F2000011D0032D13D140F2B4610088F8
:10405000C2F2000109880009E0840809208540F2C5
:10406000B6602A21C2F2000000E02C21008800097D
:104070006052012001B0BDE8F083000070B5044635
:10408000006B0E460021FFF7A7FBE18C081AC10068
:10409000206B21820121FFF79FFB218D081AC100AF
:1040A000206B61820221FFF797FB618D081A40F2B5
:1040B0008811C2F20001C978C0000129A08202D192
:1040C000618A6082A182628FB4F91000B4F9121083
:1040D000B4F9143094F83E505043C5F10F055143E4
:1040E0005A43284129412A41B6F91450B38E2082FF
:1040F0009D426182A28205DD88184042A181E28151
:10410000608170BDB6F9166060819E4204DD104486
:104110004042E281A08170BD08444042A181E0811B
:1041200070BD0000026861F3000202607047000089
:10413000406880B2704700004160704700210182F2
:10414000C0E90011C0E9021170470000D0F8003149
:1041500043F00103C0F80031086862F3060008600C
:104160007047000002684BF6EF731A4002600A893C
:1041700003681A4302604A7C036802F0030223F4D6
:10418000405343EA02320260CA7B036802F0030232
:1041900023F4406343EA822202608A7B036802F0D0
:1041A000030223F4407343EA022202604A7B03685D
:1041B00002F0010223F0800343EAC21202600A7B8C
:1041C000036862F3861303600A7C036862F3451395
:1041D0000360B1F80AC043684FF6FF7223EA020297
:1041E000624442600A6882604968C16070470000AA
:1041F000002A02680CBF22EA0101114301607047E6
:10420000016821F0010101600021016041608160CD
:10421000C16040F2FF6100EA010246F20401B2F51A
:10422000C16FC4F2020105D3D208D02A88BF7047FB
:1042300001F5806100F0FC004CF6CD420838CCF668
:10424000CC42A0FB02026FF0030000EA92000F22B2
:104250000B6802FA00F01843086070472DE9F0433C
:1042600085B046F21C04C4F202042046FFF7C8FFE2
:104270006D462846FFF762FF40F22E20C0F2001084
:10428000CDF80A001020ADF8080040F6A470C2F284
:10429000000041F204080190C4F201084FF0000947
:1042A00020462946CDF80080CDF80E90FFF75AFF42
:1042B000A4F11C0604F1EC0130461922FFF746FF79
:1042C000204602210022FFF793FF04F1140738462D
:1042D000FFF796FF2846FFF731FF0C20C0F20010D1
:1042E000CDF80A0041F61A50C2F20000CDE9008074
:1042F00038462946ADF80890CDF80E90FFF732FF0A
:1043000004F1F00130461822FFF720FF3846022161
:104310000022FFF76DFF05B0BDE8F08310B504463D
:104320000068012102F0D6FF20680121BDE810409D
:1043300002F0F4BD0068012102F05CBD0021416083
:10434000012101810170704743F61441C4F201015B
:104350000860704743F61441C4F20101096808403F
:1043600018BF01207047000043F60841C4F2010164
:10437000426851F8083C934341F8083C51F8043C2A
:10438000934341F8043C437A002B08BF70470378FD
:104390006FEA020C2BB151F8043C134341F8043C82
:1043A00004E051F8083C134341F8083C0B6803EA69
:1043B0000C030B604B6803EA0C034B60007A012886
:1043C00007D018B9086810430860704708681043A0
:1043D00008604868104348607047000040F27E6003
:1043E000C2F2000040F2AC618088C2F2000141F6E6
:1043F000BC4209787C38C2F200021080052900B264
:104400000ED0042918BF7047F82817DB46F69E1116
:10441000484340F25C01C00BC2F20001C883704700
:10442000F82812DB400080B245F67A51484341F645
:10443000C441C00BC2F200010860704740F25C004A
:10444000C2F200000021C183704741F6C440C2F2AD
:10445000000000210160704743F61040C4F20200E2
:10446000016841F0800101607047000043F60C4193
:10447000C4F202014A6842F002024A608860486859
:1044800040F0400048600868C0070AD1086840074B
:104490000AD40868C0064FF0020058BF032008BBCA
:1044A00004E00020F0B901E00120D8B94FF08042CB
:1044B0000868C0070AD10868400709D40868C00620
:1044C0004FF0020058BF032003E000BF002000E0CF
:1044D0000120A2F1010310B9012A1A46E8D1002BEC
:1044E00008BF04204A6822F002024A6070470000B8
:1044F00043F6044040F22311C4F20200C4F26751B3
:10450000016048F6AB11CCF6EF5101607047000036
:1045100043F60C42C4F20202536843F001035360B5
:1045200001601068C0070AD1106840070AD41068FB
:10453000C0064FF0020058BF032008BB04E0002073
:10454000F0B901E00120D8B94FF480111068C0071C
:104550000AD11068400709D41068C0064FF0020065
:1045600058BF032003E000BF002000E00120A1F1BC
:10457000010310B901291946E8D1002B08BF042016
:10458000516821F001015160704700002DE9F04FA2
:1045900083B0934688460446FFF7AAFF04F17840AB
:1045A00040F2FF71A446C30AC4F38807884340F26F
:1045B0002C74C7F5007600F10065C2F20004B34523
:1045C00038BF5E4630040CD0002000BF17FA80F1DF
:1045D00054F8211001311FD1013081B2B2B29142A1
:1045E000F4D31FFA86FABAF1000F37D0CDE9018370
:1045F000A8F10409D0466746CDF800C059F8041F59
:104600003846FFF785FFB8F1010807F10407F5D137
:10461000DDE900C821E000BF4FF0006000EBC320DF
:10462000E1460293FFF722FF1FFA86FA04EB8700A8
:104630000438A8F10401524651F8043F013A40F809
:10464000043FF9D1002700BFE159E819FFF760FFE7
:104650000437B7F5006FF7D1CC46029BB0B21FFA12
:104660008BF1814213D0ABEB060B1FFA8BF60133B3
:1046700008EB8A080CEB8A0CB6F5007F28BF4FF4D4
:10468000007605F50065002730049DD1A9E703B049
:10469000BDE8F04FFFF7E0BE10B582B00446B0F9B8
:1046A0000600B4F904204043216912FB02028A4249
:1046B000E2600DDD081A40000DF1060102F0D6F9A6
:1046C000B4F90400BDF80610002848BF4942A18093
:1046D00002B010BD0288B0F90230B0F904000A80BF
:1046E000181A44F6E6125043C00B48807047000089
:1046F0002DE9F04F84B040F65C724AF6AB270020FB
:10470000C2F200026FF00103CAF6AA27EA46ADF82A
:104710000C000290CDE90000A0FB076525F0030620
:10472000C6EB950632F826600AEB0305023301302A
:104730000C2B02F102026E80EED140F2601940F2C1
:10474000701E46F6174840F6747C4FF6C47B002274
:10475000C2F20009C2F2000EC1F2C168C2F2000C3E
:10476000C0F21D0B03E000BF0132082A21D0002552
:10477000022697B208E000BF30F8040C29F81200B6
:104780000236102E5D44EFD00AEB060030F8023CF2
:10479000BB42F5D10E2EEFD0E9083AF80630A1FB66
:1047A0000814A108002D2EF812302CF81210E3D1B5
:1047B000E6E740F62E7040F63E71C2F20000C2F20B
:1047C0000001023802396FF0010200BF023202EB31
:1047D0000C035B880A2AA3F6AA2703F6AA238F8074
:1047E000838000F1020001F10201EFD104B0BDE8C5
:1047F000F08F000010B5B0F90640B1F900C0B0F973
:1048000004E0B1F902200CFB04F302FB1E33DB0BC6
:104810000380B1F9001001FB0EF112FB0411C90B6A
:10482000418010BD4A68426048880A8810446FF38E
:10483000DF3008807047000010B5B0F91840B1F9BA
:1048400002C0B0F916E0B1F900200CFB04F312FB32
:104850000E33DB0B8383B1F90210624301FB1E218F
:10486000C90B418310BD000010B582B00269B0F9D8
:1048700006000C4600FB10200DF10601400002F07E
:10488000F5F8BDF9060041426182618C20828840C2
:104890004142C4E9020102B010BD00004FF6000021
:1048A000C0F60700007B704770B582B0082042F266
:1048B0000004C0F244000121C4F201040126FFF704
:1048C000DDF920460021FEF7F1FC0DF10105284637
:1048D000FEF7D2FC4FF40070ADF8010028468DF8C9
:1048E0000660FEF77FFC20460121FEF781FE204690
:1048F000112101220723FEF785FE20460021002218
:10490000FEF774FFA068C0071BD120460121FEF707
:10491000CDFC00BF20464021FEF7D2FC0028F9D094
:104920002046FEF74BFC00BF2046FEF74DFC00285A
:10493000FAD12046FEF74CFC2046FEF74FFC00283B
:10494000FAD120460421FEF7B7FC20460121FEF7EC
:1049500069FF00BF20460421FEF7B2FC0028F9D011
:1049600020460021FEF738FF054620460421FEF7C9
:10497000A3FC20460121FEF755FF00BF204604217D
:10498000FEF79EFC0028F9D020460421FEF794FC97
:1049900020460021FEF720FF0446FEF76FFE601957
:1049A00044F200014008C0F27411B1FBF0F041F68E
:1049B0002651C2F20001088002B070BD4FF6FF71AF
:1049C0004FF08072C0E90012704700000A88002A88
:1049D00008BF7047F0B500234FF0030C4FF0010EF5
:1049E000002405E0520804F1010403F1020327D07A
:1049F000D507F7D006680CFA03F5AE4306608E794A
:104A000007689E403E43066046680EFA04F7BE43C0
:104A100046600E794768A6403E4346608668AE43CE
:104A20008660CE7987689E403E438660C66826EAE7
:104A30000505C5604D79C6689D403543C560D1E721
:104A4000BDE8F0407047000000690840401AB0FA25
:104A500080F040097047000080B51C2303EA810301
:104A600002FA03FE24224FF00F0C082938BF20223F
:104A700081580CFA03F3994341EA0E01815080BD3D
:104A80002DE9F04104461646A28D006A884611467B
:104A9000FFF7DAFF626A218E07461046FFF7D4FF60
:104AA000A26AA18E05461046FFF7CEFF690001EB12
:104AB00087010144C8B236F910202170012A19DBA0
:104AC00040F67472C2F20002002832F810206FF033
:104AD000060050FA81F0B0FA80F04FEA50104FEA29
:104AE000401008BF202061700021A8F80020A1829A
:104AF000BDE8F0812020BDE8F081000040F668703C
:104B000040F26011C2F20000C2F20001016040F602
:104B1000847040F62E71C2F20000C2F20001016002
:104B200040F24450C2F20000FF2140F24C62017298
:104B300040F28040C2F20002C2F20000B2F914203A
:104B4000438C5242002102FA03F3C0E902130182AE
:104B50004282704740F6687040F27011C2F2000065
:104B6000C2F20001016040F6847040F63E7140F2EE
:104B70004C6240F28043C2F20000C2F20001C2F275
:104B80000002C2F20003016040F2445CB2F914205A
:104B9000588CC2F2000C01218CF8081002FA00F0C7
:104BA0000021C3E902011A825982704770B592F858
:104BB00000C0406833F91CE0B1F9003047F6FF75DA
:104BC000AEEB030414F5804F2346D8BF2B44B4F555
:104BD000804FA8BF631B002B1C46054648BF5C42A4
:104BE000002848BF4542B2F91C609269B54208DD11
:104BF00041F25556B44210D31FFA8EF30B800023B6
:104C00000BE040F6AA26B44207D340F67473C2F212
:104C1000000333F81C300B8000235043011401EBD8
:104C2000E07181EAE071594301EB4101C1F3CF31F9
:104C300001EB204000B270BD2DE9F04F81B040F291
:104C4000004BC4F2000B5846422102F073F90028D1
:104C50005DD05846522102F069F940F28816C2F23E
:104C600000067078002800F0BD8040F22410C2F2E7
:104C700000000788306BB18FFFF7E6FE726BB6F865
:104C8000401004461046FFF7DFFEB26BB6F8441042
:104C900005461046FFF7D8FE690001EB8401084481
:104CA0006FF0060252FA80F2B2FA82F2520940F232
:104CB000C063C1B25201C2F20003002908BF202222
:104CC0001D883A4042EA0507727C307491421F8089
:104CD00000F0BC813378032B40F0B881B6F90E3078
:104CE000052B00F3078140F66C77C2F200077D5C6C
:104CF00040F69074002DC2F2000418BF0125257003
:104D000000F0A7810021F18179603960B1E1584656
:104D1000102102F00FF9002800F098815846102168
:104D200002F004F940F22817C2F2000778683969E6
:104D300040F2445808444FF6FF71C2F2000888421E
:104D4000B8BF0146D8F8040079600028014648BF82
:104D500041429F2900F2BF8040F22410C2F20000BD
:104D6000B0F800A040F66870C2F200000468386A2B
:104D7000B98D4FF00009C8F80490A7F81490FFF718
:104D800063FE7A6A398E05461046FFF75DFEBA6A01
:104D9000B98E06461046FFF757FE710001EB8501FC
:104DA0000144CAB234F9120039700128C0F22581D9
:104DB0006FF0060050FA81F0B0FA80F0400940012F
:104DC000002A08BF2020797040F67471C2F20001F9
:104DD00031F8121041F29842C2F200021180A7F895
:104DE00014900BE140F2281A40F6987940F224180A
:104DF000C2F2000AC2F20009C2F20008DAF820008A
:104E0000BAF82C10D9F80040B8F80050FFF71CFE93
:104E1000DAF82420BAF8301006461046FFF714FEE0
:104E2000DAF82820BAF8341007461046FFF70CFECF
:104E3000790001EB860108446FF0060252FA80F215
:104E4000B2FA82F2520940F2C066C1B25201C2F215
:104E50000006002908BF202233882A401A43002C6C
:104E60008AF80000328051D040F67472C2F200021B
:104E700032F8112041F29843C2F200031A80012255
:104E8000C9F8002040F69472C2F20002B2F9003074
:104E900000279942AAF8147018D040F27017C2F295
:104EA000000737F91370B94210D040F26017C2F210
:104EB000000737F91330994208D09AF80110118091
:104EC00040F69271C2F2000101220A808AF80100C4
:104ED00001B0BDE8F08F40F28411C2F200010A78FF
:104EE000B7F9143010411341C8F804005000BB82D8
:104EF000087095E041F20247C2F2000737F812202D
:104F00008A4214BF0021591CF181B2E058460021A9
:104F100001F0C4FF40F66871C2F2000109689AF816
:104F200001209AF8007031F812109742CAF8080070
:104F30008AF8021059D01C2857D3C9B28F4240F0CA
:104F40009C80DAF8041040F2445608440021B0F581
:104F5000803FCAE9011024BF4FF6FF70CAF808006D
:104F6000C2F200067068002848BF40429F2806D859
:104F700040F28010C2F20000006801F0EFFC40F245
:104F80008010C2F200000068DAF8081000F080FF1C
:104F90004FF6B071C0F24F01B1FBF0F196F9082065
:104FA000CAF80C0001FB02F0DAF808107060480043
:104FB0004FF6FF72904240F6847038BF4A00CAF83C
:104FC0001020CBF84020C2F20000036841F2984163
:104FD000C2F2000130465246FFF7E8FD9AF8001091
:104FE000AAF814008AF801108DE0DAF804100844D9
:104FF000CAF8040001B0BDE8F08F202040F2C06183
:10500000C2F200010A8800EA0A00024340F280105E
:10501000C2F2000000680A8001F0A0FCC7F804900A
:10502000D8F8040040B140F28010C2F200000068DD
:10503000796800F02DFFF86038694FF6FF72410083
:10504000914238BF42003A61CBF8402001B0BDE840
:10505000F08F41F20245C2F2000525F8121040F629
:105060005072C2F2000222F813105A1CF28101227F
:105070007A54707401B0BDE8F08FB8F80040B9B34D
:10508000504601F041FC00EA040240F244503388EB
:10509000C2F2000041681A430029328048BF4942E9
:1050A000490918292AD89AF80010B94226D10024B3
:1050B00040F67472446040F28010C2F20002C2F204
:1050C000000032F8112041F298430068C2F2000358
:1050D0001A80AAF814408AF8011001F03FFC4FF63C
:1050E000FF70CAF81000CBF84000CAF804400AE08C
:1050F000308804F020010843308004E0DAE901013F
:105100000844CAF8040040F28410C2F200000121F1
:10511000017001B0BDE8F08F2DE9F04F85B040F28D
:105120008818C2F2000898F80000052800F298815B
:10513000DFE810F006003501D20009012F007F01E1
:1051400040F20040C4F2000050210022002401F08F
:10515000EBFF41F21040B8F80410C2F20000046006
:10516000C18040F62C70C2F200000124047001F0EE
:10517000B3FB41F6D240C2F20000B0F90000B8F92A
:105180000A108842C0F26C8188F8004005B0BDE882
:10519000F08F40F65C74C2F20004208840F6507133
:1051A00040F64E730022C2F20001C2F2000300BFBB
:1051B00031F81270874208BF1A700132062AF7D1FF
:1051C00018784AF6AB2501EB4001A21E6FF00103EF
:1051D000CAF6AA25A0FB057626F00307C7EB9607BB
:1051E00001EB87071F447F88023322F8027F0A2BD6
:1051F00000F10100EED14FF48070A8F8010000F03A
:1052000065F900210DF1040AADF810100391CDE904
:10521000011100BFA1FB052323F00302C2EB93029F
:1052200004EB820232F811202AF8112001310729FB
:10523000F0D140F2601940F2701E46F6174840F671
:10524000747C4FF6C47B0022C2F20009C2F2000E49
:10525000C1F2C168C2F2000CC0F21D0B03E000BF36
:105260000132082A21D00021022697B208E000BFAF
:1052700035F8040C29F812000236102E5944EFD0EC
:105280000AEB060535F8023CBB42F5D10E2EEFD0F5
:10529000C8083AF80630A0FB0804A00800292EF838
:1052A00012302CF81200E3D1E6E740F63E7140F6EA
:1052B0002E720120C2F20001C2F200023CF810304E
:1052C000A3F6AA2703F6AA2321F8107022F81030BB
:1052D00001300728F2D1BDE0B8F8040041F21041D6
:1052E000C2F20001B8F80820C88040F650704A8029
:1052F000C2F20000002101604160816041F2024081
:10530000C2F20000016041608160818140F66C70F2
:1053100040F20044C2F20000C4F2000441600160A7
:105320002046502101F002FE20465021012201F0CA
:10533000FBFE2046012101F0F1FD032088F800006A
:1053400005B0BDE8F08F41F6D240C2F20000B0F9DE
:10535000000042F210718842C0F28280B8F90E005B
:1053600005210B28C8BF042141F2104088F8001025
:10537000C2F200000021C180418001F0A5FA40F294
:105380000044C4F2000420465021002201F0CCFE6B
:105390002046002105B0BDE8F04F01F0BFBD40F24E
:1053A0002410C2F200000788D8F83000B8F83C108A
:1053B000FFF74AFBD8F83420B8F8401004461046EE
:1053C000FFF742FBD8F83820B8F8441005461046DD
:1053D000FFF73AFB690001EB840108446FF0060215
:1053E00052FA80F2B2FA82F25209C1B2520140F28C
:1053F000C063002908BF2022C2F200033A401F8880
:1054000088F810003A431A8040F65C72C2F200023B
:1054100088F8110041F210401180C2F20000002112
:10542000C180022088F80000A8F80E1005B0BDE881
:10543000F08F40F22410C2F2000040F2C0610088F8
:10544000C2F200010A8800F08000104308800020AA
:10545000A8F8010040F2C260C2F20000052101700C
:1054600005B0BDE8F08F0000B0B503780988B0F949
:1054700014E032F8132071446FF3DF316FF3DF3241
:105480008A1A4CF2020413B2CFF6FF74A3421446F8
:1054900047F6FF7CB8BF644443F6FE75AB42C8BF15
:1054A000A2EB0C04B0F91EC0BEF1010F22B2A8BFDE
:1054B000624506DABEF1FF3F05DCCCF100039A42FB
:1054C00001DC002282820846B0BD0000F0B585B044
:1054D00001240020C0F23004CDE9020004F5801060
:1054E00001210127FEF7CAFB20460121FEF7C6FB7A
:1054F00020460121FEF7C2FB20460121FEF7BEFB3C
:1055000002AE3046FFF75AFA40F200441020C4F2CF
:10551000000402904FF0817004F500350390284696
:105520003146FFF753FA2020029028463146FFF714
:105530004DFA284631460297FFF748FA28460421DB
:105540000222FFF789FA284605210222FFF784FA92
:10555000284600210222FFF77FFA20464FF6FF710E
:1055600040F2B75201F0F0FB2046002101F0CCFCE4
:105570002046012101F0BEFC01AD284601F0D0FD1E
:105580000020C0F20360019020462946002201F06D
:10559000D7FC2046012101F023FC2046042101F024
:1055A000F7FF2046042101F0EDFF2046512101F0D4
:1055B000BDFC20465021012201F0B6FD204601210C
:1055C00001F0ACFC05B0F0BD70B540F61805002444
:1055D000C4F202054FF480464FF4FA702E6100F0D9
:1055E00035F94FF4FA702E6000F030F9022C04F116
:1055F0000104F1D370BD000080B500F015F840F64D
:105600001800C4F202004FF4005101604FF48041D1
:1056100001604FF4004101604FF60041CFF6FF7189
:105620004FF40072425080BDB0B582B00224C0F287
:10563000300420460121FEF721FB20460121FEF720
:105640001DFB20460121FEF719FB601E0121FEF71C
:1056500015FB6C462046FFF7B1F90020C0F201109F
:1056600040F6000501904FF40050C4F2020500908E
:1056700028462146FFF7AAF94FF4804000902846BB
:105680002146FFF7A3F94FF4004000902846214639
:10569000FFF79CF94FF400700090A5F5806021465B
:1056A000FFF794F902B0B0BD816170478162704725
:1056B00001F080FA01F04CF901F024FB00F0AAF8A7
:1056C000FEF72CF9FFF798FF00F008FCFDF780FECD
:1056D000FDF7D4FFFFF7E8F801F006FE01F0A6F9A8
:1056E000FFF7F4FE00F03CFA40F29C60C2F20000CA
:1056F000FEF736FA40F21C60C2F2000001F05EFFD5
:10570000FEF7ACFD01F0B4FF4FF4FA7000F09EF824
:1057100040F20C54C2F200042046FEF70BFE204675
:10572000FEF7FCFD40F25C00C2F20000FBF7B2FBAA
:1057300040F2B061C2F200010870FFF7AFF840F22A
:105740002871C2F20001087000F092F841F236416F
:10575000C2F20001087000F0A7FFFFF735FF40F22A
:10576000881940F2AD6640F2AE6740F2C26540F281
:10577000261440F2E04B9FED268A40F2AC6AC2F25A
:1057800000094FF00008C2F20006C2F20007C2F2A0
:105790000005C2F20004C2F2000BC2F2000A00BF10
:1057A00099F80200012803D102F026F989F8028055
:1057B00030783978884221D000F00CFC307841F6FE
:1057C000D0410628C2F2000181F8008013D1DBF835
:1057D0000C1000EE101AB8EEC00ACBE90011CBF89D
:1057E000081020EE080A40F28861BDEEC00AC2F23D
:1057F000000181ED000A8AF80000387028782178CD
:105800008842CDD0FBF738F928782070C8E700BF70
:1058100000A08C3E40F21460C2F2000000684DF619
:105820008361C4F21B31A0FB0101880C40F2EC61E2
:10583000C2F20001086008684FF47A71484340F2F0
:10584000E861C2F200010860704700004EF21001EA
:10585000CEF200018A680B6830B100BF0B68DB0331
:10586000FCD501380304F9D188689042FCD8704710
:105870002DE9F041FDF7DCF8012803D0FDF7B8F879
:105880000128FBD14FF60000C0F6070040F2BA6CC9
:10589000D0E90423C2F2000CACF8002040F2BC6254
:1058A000C2F20002D0E9061E138040F2B862C2F2D2
:1058B0000002118040F2C261C2F20001D0E9084545
:1058C00081F800E040F2AD61C2F200010C7040F2DC
:1058D000AF61C2F200010D70D0E90B25D0E90D4196
:1058E00041F26843C2F200035D801C84D0F890400E
:1058F00040F25C08D0F89450C2F200085984A8F82D
:1059000042401C82A8F844505D828C4005FA01F1A7
:1059100000F140051A80C3E902413ACD40F28046C9
:10592000C2F20006318040F24C61C2F20001738085
:10593000B1F914303484AB405C427584B1F916106F
:10594000C6E9023400F1540678CE40F25047C2F264
:105950000007B1403B804B4241F6C44EC7E90213F9
:10596000D0E92213C2F2000E7C803D847E8400F1D7
:10597000A807AEF80810AEF80A308ACF40F2F066F9
:10598000C2F200063180794273807182D0E95413EB
:10599000F787318407FA03F149427384F160B0F963
:1059A000B81040F28053C2F20003D0E93165D960EB
:1059B000D0E92F17D0E93342A3F8785048F2010517
:1059C000998247F6FF71CFF6FF754FF0000CA3F8F0
:1059D0007A40A14005FA04F4CEF800C0D0F8D4E033
:1059E000C3E9181441F21041C2F20001A3F8587043
:1059F000A3F85A608A80A1F802E0B0F8D81040F20B
:105A0000C403C2F20003A3F848104900A3F84A10E7
:105A1000D0E93712D0F840619960D0E96B17D0F81F
:105A20004C41D975D0F810129F75A3F85E1040F262
:105A3000C061C2F200010A80D0F8381140F2605211
:105A400040F23047C2F20002C2F200071180118911
:105A50003F68A8F81EC07943B1FBF6F1D0F8446165
:105A6000D18006FB07F144F6D356C1F2620651FB22
:105A700006F18D1105EBD1716743D160D0F860114B
:105A800057FB06F7BE119182D0F8141206EBD777B8
:105A90001761D0F87471518040F28861C2F2000140
:105AA000DF62C1F800C0D0F88C1141F23842B0F882
:105AB0009031C2F2000200F5CA7711805380D3847E
:105AC0008ACFD0E968651185D0F880109380118263
:105AD0004B42B14053824B42178456849584C2E9AD
:105AE0000213D0F8481140F28812D0F8E831C2F21F
:105AF000000200F5E6779180D3708ECF40F65C749B
:105B0000C2F2000421806280D0F8EC1140F2D01281
:105B1000C2F2000282F83D104FF62031C0F60701B4
:105B200091ED000A91ED011AD0E9776582ED050A41
:105B300082ED061A82ED070A82ED081AD0F83C11B0
:105B400040F21002C2F200020120A8F820C0A38097
:105B5000E78026816581A8F858C09183BDE8F0816F
:105B6000B0B582B00224C0F2300420460121FEF715
:105B700085F820460121FEF781F86C462046FEF7A5
:105B80001DFF0120C0F2001040F6000501904FF407
:105B90008070C4F20205009028462146FEF716FFE9
:105BA0004FF40070009028462146FEF70FFF02B028
:105BB000B0BD000042F20000C4F201000121FDF777
:105BC0000DBD0000F0B583B00024C4F201042046EE
:105BD0000021002601F0B6FA20460121012701F03C
:105BE000C9FC20464FF44861002201F0ADF8204680
:105BF000022101F089F92046022101F07BF92046BB
:105C0000002101F0F7F820460021002201F0A4FA5B
:105C100020460221002201F09FFA204604210022A2
:105C200001F09AFA20460621002201F095FA20465A
:105C30000021002201F04AF920460221002201F051
:105C400045F920460421002201F040F920460621B2
:105C500040F67F4201F03AF90DF10505284601F0C2
:105C600033FB0620C0F20100CDF8050040F2011020
:105C7000ADF80900204600212A468DF80B7001F08E
:105C8000A3FA204602212A4601F09EFA204604216A
:105C90002A4601F099FA204606212A468DF80B6023
:105CA00001F092FA2046002101F03EF9204604213D
:105CB000002201F0A5F820460521002201F0A0F8FD
:105CC0002046012101F02AF92046012101F002FBC2
:105CD00003B0F0BD10B540F2D010C2F2000090F851
:105CE0003D1004291ED0022906D0012918BF10BD7D
:105CF000BDE8104000F0C8B990ED060AB5EE400AC4
:105D0000F1EE10FA35DD90ED051AB5EE401AF1EE20
:105D100010FA2EDD032180F83D1080ED071A80ED8A
:105D2000080A3BE040F20C54C2F200042068002153
:105D300001F0D0FA2068002101F0F0F801F0D4FA67
:105D4000FDF79CFC2068012101F0C4FA20680121C4
:105D500001F0E4F840F22410C2F2000040F2C06109
:105D60000088C2F200010A8800F040001043088059
:105D700010BD40F22411C2F2000140F2C062098855
:105D8000C2F20002138801F0400119431180D0E9EA
:105D90000712042380F83D30C0E9051240F20C548C
:105DA000C2F200042068002101F094FA206800216A
:105DB00001F0B4F801F098FAFDF760FC20680121C9
:105DC00001F088FA2068012101F0A8F840F2C260D1
:105DD000C2F200000521017010BD0000B0B50446FC
:105DE000102002F013FC054620460421FAF738FA89
:105DF0000146002228462C806A80C5E90221B0BDF8
:105E000010B50246D0E902C4408854F820E0ACEB5B
:105E10000E03936044F8201093681944431C1088C3
:105E20009CB28442D088916041FA00F028BF0023E0
:105E3000538010BD0000000070B50546102002F030
:105E4000E5FB04462846FAF7E8FB41EC100B02F0AC
:105E5000B7F951EC100BFAF7EDFB9FED0B0B054674
:105E600001F062FF51EC100BFAF7E4FB0421064647
:105E7000FAF7F6F90146002220462680E580628086
:105E8000C4E9022170BD00BF000000000000F03F27
:105E900043880288934224BF4FF48033C0F8023015
:105EA00080B58388D0F808C043B1D0F80CE04388AF
:105EB0005EF82330ACEB03030B4403E042880CEBA9
:105EC0000103013293FBF2FC83604388D0F80CE0BD
:105ED0005A1C428060464EF8231080BD80B50320D6
:105EE00000F068F818200021002200F027F819209F
:105EF0000221002200F022F812200121002200F0ED
:105F00001DF837200421002200F018F81D2003217D
:105F1000002200F013F84FF0FF300521002200F0BE
:105F20000DF828200721002200F008F8252008217C
:105F30000022BDE8804000F001B80000B0B54EF688
:105F40000C5ECEF2000EDEF800304FF0FF35C3F3EA
:105F5000022383F00704042C28BF0424033B05FA22
:105F600004F438BF0023A143994005FA03F39A4390
:105F700000F00F03043B4EF2001C7344CEF2000C01
:105F800011430C33B0F1FF3F4FEA011100EB0C025B
:105F9000C8BF02F540730028197048BFB0BD00F0BB
:105FA0001F01012202FA01F1C0F342104CF8201047
:105FB000B0BD00004EF60C51CEF200010A684FF65B
:105FC000FF031A4060F30A2242F0806040F0FD7047
:105FD0000860704741F6C441C2F200010020C1E9E7
:105FE000000040F25C01C2F20001A1F85800C1F8C3
:105FF0000A00C1F80E00C1F81200C1F81600C1F87D
:106000001A00C1F81E00C1F8220040F24C61C2F231
:106010000001C1E9000041F21041C2F200014860F4
:10602000086040F25041C2F20001486140F28041F4
:10603000C2F20001486141F26841C2F200014861C8
:1060400041F2384140F20C52C2F20001C2F20002A9
:10605000D38D48611168D381138253829382D38296
:106060001383C1E90D33CB6340F2AF61C2F200018B
:106070000978002918BF704741F6BC41C2F20001FF
:1060800008807047000000002DE9F04F81B02DED31
:10609000028B9EB0044690F83E00092800F26F8201
:1060A000DFE810F00A002600360064007400A1004A
:1060B000B100E500260291012069B4F90A10B0F997
:1060C0000000884240F33082A16B41F218420988F7
:1060D000C2F200021180A18E41F22242C2F20002FD
:1060E000118041F22C41C2F200010880012044E2FB
:1060F00041F22040C2F200000188228E01318BB2B1
:106100009342018040F23B8200210180022034E270
:106110002069B0F900502846FAF76EFA0646B4F93D
:106120000A000F46FAF768FA9FEDED0B53EC102BBF
:10613000FAF74BF932463B46FAF743FA002800F0EB
:106140008E80A06B41F218420088C2F2000250809B
:10615000A08E41F22242C2F20002508041F22C4055
:10616000A9B2C2F200004180032006E241F22040C1
:10617000C2F200000188228E01318BB2934201806D
:1061800040F2FD81002101800420F6E12069B0F990
:1061900000502846FAF730FA0646B4F90A000F46CE
:1061A000FAF72AFA9FEDD00B53EC102BFAF70DF902
:1061B00032463B46FAF705FA002850D0A06B41F270
:1061C00018420088C2F200029080A08E41F2224262
:1061D000C2F20002908041F22C40A9B2C2F200004B
:1061E00081800520C9E141F22040C2F2000001880F
:1061F000228E01318BB29342018040F2C081002196
:1062000001800620B9E12069B0F900502846FAF76C
:10621000F3F90646B4F90A000F46FAF7EDF99FEDD7
:10622000F20B53EC102BFAF7D0F832463B46FAF754
:10623000C8F9A0B1A06B41F218420088C2F2000276
:10624000D080A08E41F22242C2F20002D08041F200
:106250002C40A9B2C2F20000C18007208DE1A08EBF
:1062600000281CBF0138A0862068A28E66E141F29A
:106270002043C2F200031888218E013082B28A4284
:10628000188040F27C81206800210022002500F067
:106290001DFE208994ED0A8B013065610194FAF7A7
:1062A000ABF9CDE9081041F22240C2F20000A0F1A2
:1062B000020B41F22C40C2F20000871E41F218404E
:1062C000C2F200009FEDC40BA0F1020851EC180BC4
:1062D000CDE9061051EC100B9FEDC10B9FEDC48A68
:1062E0000324CDE9041051EC100BCDE9021000BFDE
:1062F0003BF9020FFAF780F9054638F9020F0E460E
:10630000FAF77AF902460B4628463146FAF75DF865
:106310000546BBF90200B8F902200E465043FAF7D1
:106320006BF902460B4628463146FAF748F8024612
:106330000B46DDE90610FAF748F8DDE90432FAF712
:10634000B6F8DDE90832FAF7B2F837F9022F8146DC
:10635000B7F902008A46101AFAF74EF902460B46C0
:10636000F9F78CFFDDE90232FAF7A1F802460B4695
:1063700048465146FAF79BF8054618EE100A0E46B5
:10638000FAF777F902460B4628463146F9F776FFC9
:10639000FAF782F9013C08EE100AA9D1B0EE080A1A
:1063A00088EE000A41F22241C2F20001019C0988F4
:1063B0000020A18641F22041C2F20001A0610880C4
:1063C00084ED050AD8E041F22A48C2F20008B4F987
:1063D0000C0098F8001000BF0131CAB204EB420370
:1063E000B3F944308342F7DB94F8327004F1440689
:1063F000B81A00EBD07041105FFA81F9A7EB600189
:10640000CAB2A1EB600B36F9170036F9125088F8C2
:1064100000B0401BFAF7F0F882465FFA8BF036F9CD
:1064200010000E46281AFAF7E7F802460B465046C7
:106430003146FAF73CF894ED010A94ED051A02EEA4
:10644000109AB8EEC22A21EE421AB8EEC00A81EEC6
:10645000000A41EC180B10EE100AFAF70AF9B0EE38
:10646000480AF0EE680A05460E4601F0C5FC53ECFA
:10647000102B28463146FAF71AF841EC100B41F27E
:106480003440C2F2000001780DF1280909EBC10285
:1064900082ED000B00220023DEB20133DDB204EBFB
:1064A0004606BD42A6F84420F6D90131CDB20022FD
:1064B000092D88F8002084F83220017042D809EBB9
:1064C000C50010ED028BA069FAF7D3F802460B461F
:1064D00051EC180BF9F7D2FE47E000BF00BF00BF38
:1064E000000000000000E83F000000000000E03F66
:1064F0002069B4F90C10B0F9000088423FDC41F289
:106500003540C2F2000001780131CAB20A2A017096
:1065100035D341F23441C2F200010A78092A4DD83C
:10652000012184F83C104FE0A08E411C20898AB2E2
:10653000824288BF01462068A1868AB2002100F00D
:10654000C5FC1CE0A069FAF794F8024609EBC50007
:1065500010ED020B0B4651EC100BF9F78FFE9FED7F
:106560001C0B53EC102BF9F7A2FF41EC100B51EC74
:10657000100BFAF791F8A061082084F83E00B4F8F7
:106580004200B4F84010013082B28A42A4F84200BE
:106590000ED941F23440C2F200000021017041F2F4
:1065A0003540C2F2000001700420A186A4F83D002D
:1065B0001EB0BDEC028B01B0BDE8F08F00220A7066
:1065C0000221A286A4F83D1000210170D7E700BF88
:1065D00000000000000024400000000000FEAF406A
:1065E00000000000C0FFDF40000000000000D03FBE
:1065F0000000000000000000F0B581B00446006912
:10660000B0F900502846F9F7F7FF0646B4F90A003A
:106610000F46F9F7F1FF9FED220B53EC102BF9F722
:10662000D4FE32463B46F9F7B1FFE8B994F83200A0
:10663000C72819D8206803210122012500F0E0FBBA
:106640002068A28E002100F041FC206994F83210ED
:10665000008804EB4102A2F84400481C84F8320090
:1066600084F83C5001B0F0BD94F83200A9B204EBBC
:1066700040022068A2F8441000210022002500F00A
:1066800025FC20680321002200F0BAFB092084F8D1
:106690003C5084F83E0001B0F0BD00BF00BF00BF19
:1066A000333333333333EB3F70B540F68C704FF6F2
:1066B0000001C2F20000C0F607010160FEF718F801
:1066C0000620FFF78BFB40F28011C2F20001086048
:1066D00040F6847140F63E72C2F20001C2F200023E
:1066E00040F668700A6040F2701240F2241140F2E5
:1066F000281441F29845C2F20000C2F20002C2F230
:106700000001C2F20004C2F200050E8802602046B9
:106710002946FEF7B5F940F2C061C2F200010A88CD
:106720003040104308804FF44870A083288841F21D
:106730009E41C2F20001088068800820FFF77CFBC0
:1067400040F25C51C2F2000140F20C55086040F684
:106750002C71C2F20005C2F20001002428680C70FE
:10676000002100F0B7FD41F6C440C2F20000C0E9CC
:10677000004440F25C00C2F20000A0F85840C0F8AB
:106780000A40C0F80E40C0F81240C0F81640C0F8E9
:106790001A40C0F81E40C0F8224040F24C60C2F2DD
:1067A0000000C0E9004441F21040C2F20000446021
:1067B000046040F25040C2F20000446140F2804068
:1067C000C2F20000446141F26840C2F2000044613C
:1067D00041F23840C2F20000E98D44612868E98145
:1067E00029826982A982E9822983C0E90D11C163E6
:1067F00040F2AF60C2F20000007820B941F6BC4020
:10680000C2F20000048041F60050C2F200000121F3
:1068100001744FF47A51418270BD00000246406914
:10682000B2F90230916101FB030390685361834226
:1068300001DD506103E0D0688342B8BF506110B5FC
:10684000D369B2F90000B2F904C0CB1A01FB00FE13
:1068500003FB0CFC138C5069548C4EFA03F320415B
:10686000948C0344108A4CFA04F4234404B2A342E7
:10687000D362BDE8104004DCB2F912008342C8BF05
:10688000184600B2D1617047B0B504460068B4F94B
:106890001420002100F01AFB40F28810C2F2000020
:1068A000C1782068012902D1218B162501E0E18AF7
:1068B00018250AB2022100F009FB2068625F04215A
:1068C000BDE8B04000F002BB40F20C50C2F2000044
:1068D0000068002100F0FEBC10B540F20C54C2F27A
:1068E00000042068002100F0F5FC2068002100F081
:1068F00015FB2068012100F011FB20680121BDE893
:10690000104000F0E7BC000070B50446006AA18D9D
:10691000FEF79AF8626A218E05461046FEF794F853
:10692000A26AA18E06461046FEF78EF8710001EBB2
:10693000850101446FF0060050FA81F0B0FA80F052
:106940004009CAB24001002A08BF2020217070BD52
:106950000E20C0F244000121FDF790B90021C0F8DB
:1069600002108160704700008B08032B88BF7047BE
:1069700080B50C2202EA810E4FF00F0C02EB83016E
:106980000CFA0EF2DFE803F00232122243F608019D
:10699000C4F201010B6800FA0EF023EA02020A6059
:1069A0000A6810430860BDE88040704743F608015C
:1069B000C4F201018B6800FA0EF023EA02028A6039
:1069C0008A6810438860BDE88040704743F608013C
:1069D000C4F20101CB6800FA0EF023EA0202CA6099
:1069E000CA681043C860BDE88040704743F608019C
:1069F000C4F201014B6800FA0EF023EA02024A6079
:106A00004A6810434860BDE880407047826BB1F926
:106A100012300A60828FC08F0A84B1F91020488436
:106A2000824003FA00F0C1E90220704710B505204A
:106A3000C0F240000121FDF721F941F20044C4F207
:106A40000004204640F2E731BF2200F07DF92046E5
:106A5000002100F059FA20460121012200F064FBD8
:106A600020460121BDE8104000F058BA10B5B0F53D
:106A7000803F02DA0020088010BD4FF6FF7200BF91
:106A800003464000002802F10102F9DCC3F30E4086
:106A90004CF64653CFF6FF7300FB03FC47F2C003EE
:106AA00003EB2C4C42F67C43C1F24E430CFB00300E
:106AB00002F0010C0EA333F91C3012B21E24A3FB0A
:106AC00000CE04EB6204DB1703FB00E32CFA04F0B6
:106AD0000224A4EB620403FA04F420436FF00104DF
:106AE00004EB6202002A58BF43FA02F0088010BD8E
:106AF000FF7F825A2DE9F041B0F90020B0F9023051
:106B000046F6D9677A435E429B10002503EB12429A
:106B1000A5EB66084FEA560CA8EB020413B2B5EBDE
:106B20000C4F25B212D0761016FB04F7002F0DD4AF
:106B30004FEA0C47A5EB0608B7F1FF3FC3F1000C85
:106B4000CCBF032300230376964618E026040AD020
:106B50006B43002B07D4012EA2EB040EB4BF04221A
:106B6000012202760BE01304C4F1000EACEB020C20
:106B7000A046B3F1FF3FCCBF052202220276088E69
:106B80000FFA8EF2CB8D424303EB1242CA818A8206
:106B90000FFA88F2424303EB12420A82CA820FFACA
:106BA0008CF2504303EB104048820883BDE8F0812B
:106BB000FFF7A0BF80B5FDF7B7F843F60040C4F279
:106BC000020040F2551101601C20C0F2400001217A
:106BD000FDF754F847F21000C4F20000016841F0DC
:106BE0000301016001200121FCF77CFFFDF734F86F
:106BF0000028FBD00120602101220223FDF752F87A
:106C00000420FDF775F80120FDF780F8022001212E
:106C1000FCF768FF1920FDF711F80128FAD10020D0
:106C2000FCF712FF0520FCF743FF0020FCF732FFC2
:106C30000020FCF721FF0120FCF748FF0220FDF7B0
:106C4000A9F800BFFDF7BAF80228FBD10020FCF735
:106C50003DFFBDE8804000F001B80000B0B543F64C
:106C6000040441F20025C4F20204C0F27A05FDF7E3
:106C7000A5F802280AD0C8B9D4F89C00400446F60A
:106C80000040C0F2DC2048BF05460FE020682068C5
:106C9000216822680DA3C2F303429A5CC0F38810F6
:106CA00001F00F0168435143B0FBF1F540F214606D
:106CB000C2F200000560616808A2C1F30311515CD3
:106CC000026822FA01F10160B0BD00BF01020406B2
:106CD000080A0C0E10121416181A1C1E00000000D0
:106CE0000000000001020304060708094EF210012B
:106CF000CEF200010A68042822F0040208BF043220
:106D00000A60704780B50420FFF7F0FF40F214607E
:106D1000C2F20000006844F6D351C1F26201A0FB48
:106D2000010188094EF21001CEF2000148600020F6
:106D30008860086840F0030008604EF62350CEF2E9
:106D400000003021017080BDC1628262416941F062
:106D500001014161704700008A79436C02F0010231
:106D600023F4805343EA023242640A78436C23F0EE
:106D7000FF031A4442644A79436C02F0010223F48F
:106D8000806343EA822242640A79436C02F0010282
:106D900023F4006343EAC22242644A78436C02F05F
:106DA000010223F4005343EA42324264CA78436C3E
:106DB00002F0010223F4804343EA8232426489787C
:106DC000426C01F0030122F4407242EA0121416465
:106DD000704700000021C0F80310016070470000F8
:106DE000426801F0010122F0800242EAC1114160D3
:106DF00070470000426861F3000242607047000083
:106E0000072988BF7047DFE801F0042D121B0936FF
:106E10003F24016A62F3000101627047016A02F0D7
:106E2000010221F4807141EA022101627047016A86
:106E300002F0010221F0100141EA021101627047E3
:106E4000016A02F0010221F0400141EA821101626F
:106E50007047016A02F0010221F4804141EA823167
:106E600001627047016A02F0010221F0040141EA67
:106E7000820101627047016A02F0010221F480611F
:106E800041EA822101627047016A02F0010221F4A5
:106E9000805141EA02310162704700000246082930
:106EA0004FF0000088BF7047DFE801F0050E090EC3
:106EB000070E0B0E0D00506B7047D06B7047906B38
:106EC0007047106C7047506F70470000082988BFEA
:106ED0007047DFE801F0050E090E070E0B0E0D00DE
:106EE00042637047C26370478263704702647047B1
:106EF00042677047026801F0030122F4407242EADF
:106F00000121016070470000026801F0070122F0D2
:106F1000700242EA0111016070470000026861F3EB
:106F2000000202607047000041627047C94301617E
:106F3000704700000069084018BF0120704700003A
:106F400080B591F800C0BCF1060F88BF80BDDFE8B6
:106F50000CF004E671E638E6A80050F8203F02F095
:106F6000030223F00103036091F801C003686CF38E
:106F70004103036091F801C0D0F800E04FEA5C03E0
:106F800063F3C30EC0F800E091F802C050F8083C6B
:106F90006CF3010340F8083CC97850F8083C01F054
:106FA0000F0123F0F00343EA011140F8081C50F8E8
:106FB000081C21F00C0141EA820140F8081C012163
:106FC000AAE050F8203F02F0030223F4807303602C
:106FD0004B78D0F800C003F0010E2CF4007343EAA4
:106FE0004E23036091F801C0D0F800E04FEA5C0343
:106FF00063F3CB2EC0F800E091F802C050F8043CD7
:107000006CF3010340F8043CC97850F8043C01F0EB
:107010000F0123F0F00343EA011140F8041C50F87B
:10702000041C21F00C0141EA820140F8041C4FF4D9
:10703000807171E050F8203F02F0030223F010034A
:10704000036091F801C003686CF34513036091F885
:1070500001C0D0F800E04FEA5C0363F3C71EC0F83C
:1070600000E08B7850F808CC03F0030E2CF440734A
:1070700043EA0E2340F8083CC97850F8083C01F078
:107080000F0123F4704343EA013140F8081C50F823
:10709000081C21F4406141EA822140F8081C1021BB
:1070A0003AE050F8203F02F0030223F480530360DB
:1070B0004B78D0F800C003F0010E2CF4005343EAE3
:1070C0004E33036091F801C0D0F800E04FEA5C0352
:1070D00063F3CF3EC0F800E08B7850F804CC03F0A7
:1070E000030E2CF4407343EA0E2340F8043CC978A5
:1070F00050F8043C01F00F0123F4704343EA0131DE
:1071000040F8041C50F8041C21F4406141EA82213B
:1071100040F8041C4FF4805102681143016080BDA7
:107120004FF480310160704732B1012A18BF7047B7
:10713000C2681143C1607047C26822EA0101C160A0
:1071400070470000026801F0010122F0080242EAE3
:10715000C101016070470000082988BF7047DFE85F
:1071600001F0053117310E3120312900816902F01B
:10717000010221F0080141EAC20181617047C16941
:1071800002F0010221F0080141EAC201C161704729
:10719000816902F0010221F4006141EAC2218161AA
:1071A0007047C16902F0010221F4006141EAC22185
:1071B000C1617047016F02F0010221F0080141EA4C
:1071C000C201016770470000F0B55378947801F16F
:1071D000080E01F1090C03FA0EFE04FA0CF54FF447
:1071E000007C43680CFA01F4A34343604368ADB2EA
:1071F0002B4343604FF4807345688B4025EA0303BB
:10720000436043681FFA8EF52B43082943602BD84F
:10721000DFE801F0052A112A0B2A1B2A2500137822
:10722000856963F3061585611EE01378C56963F30C
:107230000615C56118E01378856903F0070325F486
:10724000E04545EA033383610EE01378C56903F036
:10725000070325F4E04545EA0333C36104E01378EE
:10726000056F63F3061505674B000324D57803F11A
:10727000010C04EB410E147905FA0CF74FF0080CE1
:10728000056A04FA0EF40CFA03F625EA0606A5B21E
:107290002E43022505FA03F4A643BFB23743076223
:1072A0005679927905EB410102FA01F104229A40E4
:1072B00027EA020289B2114301229E409A4091437B
:1072C000B2B211430162F0BD0021C0F803100160A9
:1072D00070470000426C01F0010122F4004242EAD2
:1072E000C1314164704700002DE9F04F87B04FF085
:1072F00000094FF488000121CDE90499CDF80390ED
:10730000CDF800904FF0010AFCF7B8FC4FF44010A4
:107310000121FCF7B3FC4FF440100121FCF7AEFC57
:107320004FF440100121FCF7A9FC0124C0F2300405
:1073300020460121FCF7A2FC20460121FCF79EFC1F
:1073400020460121FCF79AFC20460121FCF796FC1F
:107350004FF440100121FCF791FC04AE3046FDF7DC
:107360002DFB40F200200024C0F20210C4F2010400
:1073700005904FF4807004F580370490384631460C
:10738000FDF724FB384608210122FDF765FB4FF489
:107390000070049038463146FDF718FB3846092145
:1073A0000122FDF759FB4FF48060049038463146C6
:1073B000FDF70CFB38460A210122FDF74DFB4FF487
:1073C000005004F582350490284631468DF815A00A
:1073D000FDF7FCFA28460D210122FDF73DFB4FF495
:1073E0008040049028463146FDF7F0FA28460E21E9
:1073F00001224FF00E0BFDF72FFB4FF400400490DD
:1074000028463146FDF7E2FA28460F210122FDF712
:1074100023FBE846204641468DF80690FFF79CFC8A
:1074200020468021FFF782FD204680210022FFF7C1
:107430007BFE4FF480500490284631468DF815901D
:10744000FDF7C4FA28460C210122FDF705FB4FF495
:1074500000600490384631468DF81590FDF7B6FA75
:1074600038460B210122FDF7F7FA204600210122C0
:10747000FFF772FE204602210122FFF76DFE204633
:1074800004210122FFF768FE2046012100F072F876
:10749000204641F270710022FFF756FC204602217F
:1074A000FFF732FD20460221FFF724FD2046002190
:1074B0000022FFF70BFD204602210022FFF706FD08
:1074C000204604210022FFF701FD0DF109052846A1
:1074D000FFF7FAFE0620C0F20100CDF8090040F2E5
:1074E0000116204600212A468DF80FA0ADF80D6048
:1074F000FFF76AFE204602212A46FFF765FE204676
:1075000004212A46FFF760FE06208DF80900204678
:1075100006212A468DF80F90FFF756FE20460621D9
:1075200041F22372FFF7D2FC4046FFF753FC20469E
:1075300041468DF806A08DF803908DF800B0ADF8A7
:107540000460ADF80190FFF707FC20469121FFF79A
:10755000EDFC204601210122FFF7E6FD20468021B7
:107560000122FFF7E1FD20460021FFF7EBFD07B008
:10757000BDE8F08F026B4FF6FF739A43114401632D
:1075800070470000826861F3020282607047000069
:10759000826801F0070122F0700242EA0111816065
:1075A00070470000B0B50446FCF798F90546204640
:1075B000FCF76EF9C0EA0540B0BD0000B0B582B07E
:1075C000044680680121FCF759FBE0680121FCF7C3
:1075D00055FB20690121FCF751FB6D462846FDF75C
:1075E000EDF9D4E905024FF08171CDE9002129467A
:1075F000FDF7ECF940F20110ADF804000221D4E9E6
:1076000008028DF8061029460092FDF7DFF960693F
:10761000217F94F82920FDF71FFA206A94F828109A
:1076200094F82A20FDF718FAD4E90001012200237A
:1076300000F06EF92068012100F0D4F920680121E2
:1076400000F0C6F92068012100F032F9206801211C
:1076500000F024F920680421C0F20C01012200F09E
:10766000A7F92068012100F02DF902B0B0BD00009B
:1076700041F61450C2F20000002101600121818016
:1076800040F20860C2F20000D0E9001240F6A47394
:107690000089C2F200031881A3F8360246F23000D6
:1076A00019605A60C3F82E12C3F83222FF22C4F2C6
:1076B0000200012183F80A2283F83824FCF732BD46
:1076C000F0B581B041F61A57C2F200077C78BE7857
:1076D00041F2AC45C2F20005022C6C702E7006D34C
:1076E000621EA81CF91CF8F797FDA01C00E00320FF
:1076F000385C022C06EB0401287307D36A1C634232
:1077000012F8017F01335E1C3944F9D101EB1121DC
:10771000C9B2884219D140F21864C2F2000440F2A2
:1077200098602178C2F2000000221029027024BF64
:107730000120207041F2AC40C2F20000FAF754FA86
:1077400020780130207001B0F0BD40F21860C2F224
:107750000000007841F6D84CA0F12007C2F2000CDE
:107760000120ACF8010009208CF803000A2050FA2F
:1077700087F040F2C36100EB10220023C2F2000147
:107780008CF800708CF8272005E000BF0020C8545A
:107790000133052B10D09EB2002E3846F7D0022EB2
:1077A000F4D0012E02D10120F1E700BF1046032BD7
:1077B00098BF1CF80300EAE740F29860C2F20000AC
:1077C0000121017001B0F0BD2DE9F04381B040F618
:1077D0009C70C2F2000041F2004840F25806D0E925
:1077E0000001C2F20008C2F20006338898F8004097
:1077F00040F6A4790278C2F2000940F22E255F1CFF
:1078000014FB05943780E25440789A1CBFB2328052
:10781000E0550878DF1C92B23780A0544878191DD3
:107820008AB23180B9B2B2F5027F605432D946F2E1
:107830001C04C4F2020420460021FCF773FC98F8F3
:10784000000010FB0590E06040F29860C2F200007A
:10785000007870B198F8000040F22E2110FB0190E2
:1078600040F2C36100F20A20C2F200012422F8F7BC
:10787000D3FC204640F22E21FCF75EFC204601217D
:10788000FCF750FC98F8000080F0010088F8000038
:107890000A20308001B0BDE8F0830000426901F0A9
:1078A000010122F0400242EA81114161704700006B
:1078B000426901F0010122F0800242EAC1114161F6
:1078C00070470000C26801F0010122F4005242EA50
:1078D0004131C16070470000B1F5003F06D0B1F5FD
:1078E000006F07D14FF40061016270474FF400311F
:1078F00001627047CA0602D0016840687047C943F8
:10790000016070470068084018BF01207047000000
:107910002DE9F04184B06D46044628469846164647
:107920000F46FCF71DF941F2000105F10C00C4F20D
:1079300001018C4208BF05F1080000684CF6CD41FA
:1079400000EB80004000B0FBF7F0CCF6CC41A0FB90
:107950000112D10801EB8103A0EB43000428A068C9
:107960004FF0010388BF03EBD201C1EA0000A06021
:10797000E068012E03D04EB940F0805001E020F0C5
:107980008050E060E06820F4805005E020F08050F6
:10799000E060E06840F48050E060206908F0030196
:1079A00020F4405040EA0130206104B0BDE8F0818D
:1079B00001F01F034FF0010C012A0CFA03F24FEA09
:1079C00011410B5814BF23EA02021A430A507047B0
:1079D000C26801F0010122F0040242EA8101C160A3
:1079E00070470000C26801F0010122F0080242EA7B
:1079F000C101C160704700002DE9F04740F2B86551
:107A000040F2C26041F2BC4440F2BA63C2F20005E7
:107A1000C2F20000C2F200044FF0000941F2883CBB
:107A200040F22872C2F2000340F2BC672D88007851
:107A300041F6FE01C2F20002B3F90030C2F20007C3
:107A4000C4E9009C04F1080C12783F888CE88E0091
:107A5000C4E9065040F2AF6041F26843C2F2000050
:107A6000C2F200030178B3F90250188C41F6C44CFD
:107A700040F25C08C2F2000CC2F20008C4E90C50EB
:107A800040F28040DCF80020B3F900705B8CB8F95C
:107A90001E60C2F2000040F25045C4E90891B0F9FE
:107AA0000010C2F20005B8F920E0C4E90A27C4E9D1
:107AB0000E36B0F90220038C408CB5F9006004F159
:107AC000400A8AE80E0041F2A841C4E9130EC4E955
:107AD0001562688CC2F20001B8F91A20B8F91C309E
:107AE0002F8C096840F2F06AC4E91809C4E91E2322
:107AF00041F27070BCF90820BCF90A3004F1800C26
:107B0000C2F2000AE765C4E91C91C821B8F94270C5
:107B10008CE88F00BAF9000004F1A803B8F94460BA
:107B2000BAF90210BAF9302007C340F28050C2F20D
:107B30000000C4E92569C168B0F91420B0F95830D3
:107B4000B0F95A60B0F87850B0F87A0041F2104CB1
:107B5000C4E9325040F2C400C2F2000CC2F200008C
:107B6000BCF90470BCF902C0B0F9480004F1B80EC9
:107B70008EE84E00C4E935C004F1E0005021C4E9AC
:107B80001A99C4F89C90C4E92899C4F8D070F8F701
:107B90005CFB40F24C60C2F20000B0F9041040F20D
:107BA000605EC2F2000EB0F90620C4F83011BEF9D2
:107BB000001040F23043C2F20003C4E94D21BEF888
:107BC00008201B6840F21001BEF80670C2F20001E6
:107BD0005A43898BB2FBF7F2C4F83C1191B2DEF83C
:107BE0000C204FF47A777A43B2FBF3F2C4F84011D9
:107BF00011B2DEF8102040F2881C7A43B2FBF3F297
:107C0000C2F2000CBCF9046012B2C4F84411C4F80A
:107C10004C21BAF8202041F23841C4F8486104F5FB
:107C2000A87040F28866C2F20001BAF82230BEF9AC
:107C3000147080E80C02C2F20006B1F900004FF4A3
:107C40007A6247F640633568C4E95797C0F2050386
:107C500048F2C017C4E95C9204F5BC72C4F88C0108
:107C6000B1F92600C4E95999C4F86C91CFF6FA77B6
:107C700082E88802C4E9619504F5C879B1F9282041
:107C8000B1F904300D8C4F8C898CB66889E8AD0051
:107C900040F65C70C2F20000C4E9691601884288AF
:107CA00004F5E6778388C588068940896EC7B8F9E8
:107CB000582040F2D018C2F2000840F2B046C4F892
:107CC000E0019CF9030098F83D70C2F2000640F212
:107CD000A831C4F80822B6F90230328CC2F2000191
:107CE000C4E97A07BEF902000979B6F90050768C2A
:107CF000C4E97E32D8E905374FF0DC0CC4F8140231
:107D00004FF60000C4E97C15C4F80062C4F804C250
:107D1000C0F6070021464FF40072C4E9C837BDE839
:107D2000F047FCF733BC000030B540F2FF742DED96
:107D3000048BF0EE608A18EE901A85B0B0EE408A9F
:107D40009FED2B9B05468DED008B34EA115147D0FA
:107D500053EC192B51EC180BF8F7DAFD40D02A46FA
:107D600051EC180BF8F779FD41EC180B18EE900A5E
:107D70008DED008B34EA10501CD053EC192B51ECD4
:107D8000180BF8F7C5FD2BD1022000F0E9FB00F03D
:107D9000C7FB10EE901A18EE900A8DED020B8DEDD8
:107DA000008B61F31E0003909DED020B05B0BDEC4E
:107DB000048B30BD022000F0D3FB00F0A1FB10EEDD
:107DC000901A18EE900A8DED020B8DED008B61F389
:107DD0001E0003909DED020B05B0BDEC048B30BD81
:107DE00005B0B0EE480AF0EE680ABDEC048B30BD79
:107DF000000000000000000070B5D94B00242DEDFC
:107E0000020B2DED108BDDE91010984205DA20F001
:107E100000429A4201D809D141B19DED100BBDEC51
:107E2000108B02B0BDE8704000F04EBBB0F5801F73
:107E300026DA11430BD0002813DA012000F090FB62
:107E4000BDEC108B02B0BDE8704000F049BB0220D1
:107E500000F086FB00F020FB51EC100B81F000419C
:107E60009EE06FF035049FEDC00B53EC102B9DEDA1
:107E7000100B51EC100BF8F7A8FACDE910010846E9
:107E800004EB2051C0F31304B948A1F2FF312044A0
:107E900000F4801080F07F6282F04052224301EBB8
:107EA00020559FEDB50B119253EC102B9DED100B4F
:107EB00051EC100BF8F783FA41EC180BA01CC0F33F
:107EC00013009FEDAFDB9FEDB0EBB14E7E44032876
:107ED0006CD296ED000B51EC180B53EC102BF8F70D
:107EE00017FD1DD1002D01BF96ED000BBDEC108BD1
:107EF00002B070BD2846F8F77FFB41EC180B53EC3D
:107F00001D2BF8F762FA41EC190B53EC1E2B51ECC8
:107F1000180BF8F75AFA53EC192BF8F7AFF93FE0C2
:107F20009FED9D0B51EC180B53EC102BF8F74DFA0D
:107F30009FED9B1B53EC112BF8F744FA41EC190B06
:107F400053EC182B51EC180BF8F73FFA53EC192BA4
:107F5000F8F73BFA41EC190B002D04BF53EC192B39
:107F600051EC180B1AD02846F8F746FB41EC1A0BD7
:107F700053EC1D2BF8F729FA53EC192BF8F722FADA
:107F800053EC182BF8F71BFA41EC180B53EC1E2B93
:107F900051EC1A0BF8F719FA53EC182BF8F70FFA03
:107FA000BDEC108B02B041EC100B70BD9FED7E0B51
:107FB00051EC180B53EC102BF8F760F941EC100B57
:107FC00051EC180B53EC102BF8F771FA41EC190B2C
:107FD0002846F8F711FB41EC1B0B53EC192B51EC25
:107FE000190BF8F7F2F941EC1A0B714853EC1A2B04
:107FF000261851EC1A0BF8F7E8F941EC1F0B6D4805
:10800000C4F1510404F5D724B0EE4F0AF0EE6F0A24
:108010000321784400F0C4F953EC1F2B51EC100BF2
:10802000F8F7D3F941EC1C0B6348B0EE4F0AF0EEC1
:108030006F0A0421784400F0B3F953EC1A2B51EC89
:10804000100BF8F7C2F9344353EC1C2BF8F716F970
:1080500041EC1C0B002C4CDD9FED510B51EC180B2F
:1080600053EC102BF8F7B1F953EC182BF8F7ADF9E6
:1080700041EC1A0B55B353EC1D2B51EC1B0BF8F7CD
:10808000A4F941EC1D0B53EC1C2B51EC1A0BF8F727
:10809000F5F853EC192BF8F798F953EC1D2BF8F77A
:1080A000EDF853EC1A2BF8F78DF953EC182BF8F781
:1080B00086F941EC180B53EC1E2B51EC1B0BF8F717
:1080C00084F953EC182BF8F77AF969E753EC1C2B79
:1080D00051EC1A0BF8F7D2F853EC192BF8F775F9A5
:1080E00053EC1A2BF8F76EF953EC182BF8F76AF9E2
:1080F00056E735B353EC1D2B51EC1B0BF8F765F924
:1081000041EC1A0B53EC1C2B51EC180BF8F757F9F8
:1081100053EC192BF8F759F953EC1A2BF8F74FF9E0
:1081200053EC182BF8F74BF941EC180B53EC1E2BC2
:1081300051EC1B0BF8F749F953EC182BF8F73FF902
:108140002EE753EC1C2B51EC180BF8F738F953ECD5
:10815000192BF8F73AF953EC182BF8F733F91FE716
:108160000000F07F0000000000000000000050430D
:10817000645F090000000000000000000000F03F04
:10818000763C7935EF39EA3D0000E0FE422EE63FCD
:10819000E007000000000000555555555555D53FE6
:1081A000000000000000E03F000000000000004070
:1081B00086EBF9FF62060000580600000000000090
:1081C00000B52DED028BB0EE408AF0EE608A18EE1D
:1081D000101A85B018EE900A8DED028B002918BF99
:1081E0000121084320F00040C0F17F6000F1E04031
:1081F000C00F08D151EC180B9FED290B53EC102B3D
:10820000F8F786FB09D1B0EE480AF0EE680A00F0F4
:108210005BF905B0BDEC028B00BD9FED230B51EC6B
:10822000180B53EC102BF8F773FB08D2012000F069
:1082300097F900F055F905B0BDEC028B00BD6A4618
:1082400051EC180B00F094F941EC100B0098002849
:108250000BDD401E9FED161B009053EC112B51ECD3
:10826000100BF8F7B2F841EC100B51EC100B00F0CA
:10827000C5F99FED111B53EC112BF8F718F941ECE0
:10828000180B0098F8F7B8F953EC182BF7F7F6FF2E
:1082900005B041EC100BBDEC028B00BD00000000EE
:1082A000000000000000F07F00000000000000005F
:1082B0000000000000000040EF39FAFE422EE63FC9
:1082C00010B52DED020B2DED088B84B09DED0C0B40
:1082D00051EC100BF8F7D8FA41EC180B9DED0C0B94
:1082E00053EC182B51EC100BF8F769F841EC190B13
:1082F0000D989FED290B10F0004F53EC102B51EC13
:10830000190B9FED21AB9FED22BB0ED0F8F700FBC0
:108310000ED953EC1B2B51EC190BF8F711FB1CD2A7
:1083200014E000BF41EC180B17E0F8F7F1FA06D2A1
:1083300053EC1A2B51EC180BF8F741F8F2E753EC19
:108340001B2B51EC190BF8F7FBFA06D853EC1A2B40
:1083500051EC180BF7F792FFE4E78DED028B9DEDE2
:108360000C0B18EE901A10EE900A8DED000B61F3D5
:108370001E0003909DED020B04B0BDEC088B02B013
:1083800010BD000000000000000000000000F03FF1
:10839000000000000000E03F000000000000E0BF1F
:1083A00070B504462DED028B4D1E00EBC500B0EEFE
:1083B000408AF0EE608A90ED000B35F0060017D091
:1083C00053EC182B51EC100BF7F7FFFF41EC100B9F
:1083D0006D1E04EBC50090ED001B51EC100B53EC2F
:1083E000112BF7F74BFF41EC100B35F00600E7D1EE
:1083F000022D36D0042D1CD0062D1CBFBDEC028BE7
:1084000070BD53EC182B51EC100BF7F7DEFF94ED19
:108410000A1B53EC112BF7F731FF53EC182BF7F72E
:10842000D4FF94ED081B53EC112BF7F727FF41EC19
:10843000100B53EC182B51EC100BF7F7C6FF94ED13
:10844000061B53EC112BF7F719FF53EC182BF7F71A
:10845000BCFF94ED040B53EC102BF7F70FFF41EC2E
:10846000100B53EC182B51EC100BF7F7AEFF94EDFB
:10847000021B53EC112BF7F701FF53EC182BF7F706
:10848000A4FF94ED001B53EC112BF7F7F7FEBDECA6
:10849000028B41EC100B70BD9FED070B10B553EC38
:1084A000102B9FED070B51EC100BF8F700F841EC87
:1084B000100B10BD000000000000000000000000D4
:1084C000000000000000F03F10B553EC102B51EC01
:1084D000100BF7F7D3FE41EC100B10BD00000000AD
:1084E0009FED050B10B553EC102B51EC100BF7F76B
:1084F000DEFF41EC100B10BD00000000000000008A
:108500009FED050B10B553EC102B51EC100BF7F74A
:108510005CFF41EC100B10BD00000000000000707B
:108520009FED050B10B553EC102B51EC100BF7F72A
:108530004CFF41EC100B10BD0000000000000010CB
:1085400002E008C8121F08C1002AFAD1704770471C
:10855000002001E001C1121F002AFBD1704700007A
:10856000014908607047000008000020000000007A
:1085700010B582B01446CDE900010023009A2360B3
:10858000194B21F0004098422ADA024328D0B0F576
:10859000801FA8BF226810DA9FED150B53EC102B3B
:1085A0009DED000B51EC100BF7F70FFFCDE900012B
:1085B0006FF0350221F0004022600F4B6FF31E5127
:1085C00003EB20501044206041F0FF5040F0005079
:1085D00001909DED000B00BF02B051EC100B10BDDF
:1085E0009DED000BF8E700000000F07F00000000A8
:1085F000000000000000504302FCFFFF10B541ECFA
:10860000100BFFF7F9FB51EC100B10BDF0B50B3060
:10861000154D20F007010024144A0FE003688B4237
:108620000BD38B4205D95E1A43184768C3E900672C
:1086300000E04368136002C004E0021D10680028D7
:10864000ECD12046002802D1286808B10020F0BDF6
:10865000064A07481060074A121A22F00702C0E9CA
:10866000002401202860D7E704000020000000203B
:108670002C1D0020281F002004FA97999999D93FB2
:10868000AF788E1DC571CC3F9FC678D0099AC33F85
:10869000935555555555E53F599322942449D23F5A
:1086A000DE03CB966446C73F44523EDF12F1C23F21
:1086B00000000000000000000000000001020304B0
:1086C00041543332463435785F4D4C5F56322E314B
:1086D0002E35000000000000000000000000000037
:1086E000000092012403B6044806D9076B09FB0A6F
:1086F0008C0C1C0EAB0F3A11C8125514E2156E17F4
:10870000F918831A0C1C931D1A1F9F202422A723DB
:108710002825A8262728A4291F2B992C112E872F1E
:10872000FC306E32DF334E35BA3625388D39F33AA8
:10873000573CB83D173F7440CE4126437B44CD455E
:108740001D476A48B449FB4A404C814DC04EFB4F1F
:10875000345169529B53CA54F6551E5743586459B5
:10876000825A9D5BB45CC85DD75EE45FEC60F161EA
:10877000F262EF63E964DE65D066BD67A7688C6965
:108780006E6A4B6B246CF96CCA6D976E5F6F2370C9
:10879000E3709E7155720873B67360740575A675A3
:1087A0004276D9766C77FB7785780A798A79067A6A
:1087B0007D7AEF7A5D7BC67B2A7C897CE47C3A7D7E
:1087C0008A7DD67D1E7E607E9D7ED67E0A7F387F26
:1087D000627F877FA77FC27FD97FEA7FF67FFE7F98
:1087E000FF7FFE7FF67FEA7FD97FC27FA77F877FEB
:1087F000627F387F0A7FD67E9D7E607E1E7ED67D1C
:108800008A7D3A7DE47C897C2A7CC67B5D7BEF7A1D
:108810007D7A067A8A790A798578FB776C77D976BA
:108820004276A67505756074B673087355729E71AD
:10883000E37023705F6F976ECA6DF96C246C4B6B9D
:108840006E6A8C69A768BD67D066DE65E964EF6310
:10885000F262F161EC60E45FD75EC85DB45C9D5B81
:10886000825A645943581E57F655CA549B5369524D
:108870003451FB4FC04E814D404CFB4AB4496A48CD
:108880001D47CD457B442643CE417440173FB83D3C
:10889000573CF33A8D392538BA364E35DF336E32D0
:1088A000FC30872F112E992C1F2BA4292728A826AE
:1088B0002825A72324229F201A1F931D0C1C831AEE
:1088C000F9186E17E2155514C8123A11AB0F1C0EA9
:1088D0008C0CFB0A6B09D9074806B60424039201E5
:1088E00000006EFEDCFC4AFBB8F927F895F605F5AA
:1088F00074F3E4F155F0C6EE38EDABEB1EEA92E806
:1089000007E77DE5F4E36DE2E6E061DFDCDD59DCFD
:10891000D8DA58D9D9D75CD6E1D467D3EFD179D09A
:1089200004CF92CD21CCB2CA46C9DBC773C60DC5F0
:10893000A9C348C2E9C08CBF32BEDABC85BB33BA1A
:10894000E3B896B74CB605B5C0B37FB240B105B039
:10895000CCAE97AD65AC36AB0AAAE2A8BDA79CA683
:108960007EA563A44CA338A229A11CA0149F0F9E2E
:108970000E9D119C179B229A309943985997749693
:108980009295B594DC93079336926991A190DD8F0F
:108990001D8F628EAB8DF88C4A8CA08BFB8A5A8A15
:1089A000BE892789948805887B87F6867686FA852E
:1089B00083851185A3843A84D68377831C83C682FA
:1089C00076822A82E281A08163812A81F680C88032
:1089D0009E80798059803E80278016800A800280A0
:1089E000008002800A80168027803E80598079802E
:1089F0009E80C880F6802A816381A081E2812A82DC
:108A00007682C6821C837783D6833A84A3841185B9
:108A10008385FA857686F6867B87058894882789FC
:108A2000BE895A8AFB8AA08B4A8CF88CAB8D628EE9
:108A30001D8FDD8FA190699136920793DC93B594D9
:108A400092957496599743983099229A179B119C46
:108A50000E9D0F9E149F1CA029A138A24CA363A4B5
:108A60007EA59CA6BDA7E2A80AAA36AB65AC97ADC9
:108A7000CCAE05B040B17FB2C0B305B54CB696B729
:108A8000E3B833BA85BBDABC32BE8CBFE9C048C29A
:108A9000A9C30DC573C6DBC746C9B2CA21CC92CDE6
:108AA00004CF79D0EFD167D3E1D45CD6D9D758D9E8
:108AB000D8DA59DCDCDD61DFE6E06DE2F4E37DE588
:108AC00007E792E81EEAABEB38EDC6EE55F0E4F1AD
:108AD00074F305F595F627F8B8F94AFBDCFC6EFE51
:108AE00000000000088B0008000000207006000055
:108AF000A0090008988C000870060020B81C00002F
:108B00005085000800000000011013E4011B20E85C
:108B100004613349401DE055FE4F0823C04125AC98
:108B20000D2E1A0322803E02340A14200140152122
:108B300001400116FF7FC9550103125A0474A4EFC6
:108B40001214014006052123176F1429C4211A3C71
:108B50005C7133D007C27D8D7041E8036D1BB80B8B
:108B600035937E054BFF0174A3FFFF690C432F0271
:108B700013E3186C040240042A10CB29A2D934292B
:108B80000EE9101B2004F6711A639812053AF40FCF
:108B9000F206C93831091570190624403075367F40
:108BA0000C5A04624A661B01144E80D079F43F6E61
:108BB000214B7E062803FF102701A323701732C81C
:108BC00052646809F401F4012C01E803100116094C
:108BD0001E201376061420C41C1B20D0041205127C
:108BE0003702130B1A942423803E032A2C01052CF0
:108BF000A47E5C81091E305B10277E1B20F5D229E4
:108C000030E10A130ABA0118120214204E642264D9
:108C10001E013FC32E41076240140140060B14B8E9
:108C20000B021E231723177004800BB80BE02EFFD6
:108C30003F4C143D0A1201D2041320048220021773
:108C40000713E4011B20E8040110041D7E48060BF5
:108C500010780534810B100E536E051CFF7F0180C8
:108C60002AAA012ABB01311B127ACC311F10014004
:108C700060E316D61A44103A30041135040240401D
:108C8000399E190C29550B140707DE380910D9A590
:088C90003EA47EA47E0C6227C5
:020000040807EB
:10F800000300000088130000FE1800000300000041
:10F810008F020000640000000200000000000000F1
:10F8200000000000000000000A000000D0070000F7
:10F83000320000000C0000000F0000000F0000006C
:10F840004C1D000070170000090000000D000000B2
:10F85000140000004C1D000070170000090000009B
:10F860000D000000190000001A0000001B0000003D
:10F870001C0000001D0000001E0000001F00000012
:10F8800070170000C80000000F0000000F0000000B
:10F89000CC0C000034F3FFFF26000000270000001E
:10F8A0002800000029000000640000002C01000076
:10F8B0009503000000000000204E0000E0B1FFFFB3
:10F8C000DC050000050000000F0000000F00000034
:10F8D00000000000000000006307000000000000BE
:10F8E00000000000390000003A0000003B0000006A
:10F8F0003C0000003D0000003E0000003F00000012
:10F9000040000000410000004200000043000000F1
:10F9100044000000450000004600000047000000D1
:10F9200048000000490000004A0000004B000000B1
:10F930004C0000004D00000090010000FF05000099
:10F9400020030000E8030000630700000A00000035
:10F950000B0000000F0000005600000057000000E0
:10F9600047010000590000005A0000005B00000041
:10F970005C000000A00F0000407E0500C081FAFF7F
:10F980006000000061000000620000005000000004
:10F990000000000020030000000000000F00000035
:10F9A00010000000100000006A00000000000000CD
:10F9B000000000006D0000006E0000006F000000FD
:10F9C00070000000710000007200000001000000E3
:10F9D0000500000004000000060000000200000016
:10F9E0000300000000000000000000000000000014
:10F9F00000000000102700002C0100000A00000099
:10FA00000B000000DC00000082000000830000000A
:10FA1000630700003C090000010000000000000036
:10FA200000000000000000000000000000000000D6
:10FA300000000000000000000000000000000000C6
:10FA400000000000000000000000000000000000B6
:10FA500000000000000000000000000000000000A6
:10FA60000000000000000000000000000000000096
:10FA70000000000000000000000000000000000086
:10FA80000000000000000000000000000000000076
:10FA90000000000000000000000000000000000066
:10FAA0000000000000000000000000000000000056
:10FAB0000000000000000000000000000000000046
:10FAC0000000000000000000000000000000000036
:10FAD0000000000000000000000000000000000026
:10FAE0000000000000000000000000000000000016
:10FAF0000000000000000000000000000000000006
:10FB000000000000000000000000000000000000F5
:10FB100000000000000000000000000000000000E5
:10FB200085EB713F376F9C3A000000000000000039
:10FB300000000000000000000000000000000000C5
:10FB400000000000000000000000000000000000B5
:10FB500000000000000000000000000000000000A5
:10FB60000000000000000000000000000000000095
:10FB70000000000000000000000000000000000085
:10FB80000000000000000000000000000000000075
:10FB90000000000000000000000000000000000065
:10FBA0000000000000000000000000000000000055
:10FBB0000000000000000000000000000000000045
:10FBC0000000000000000000000000000000000035
:10FBD0000000000000000000000000000000000025
:10FBE0000000000000000000000000000000000015
:10FBF0000000000000000000000000000000000005
:10FC000000000000000000000000000000000000F4
:10FC100000000000000000000000000000000000E4
:10FC200000000000000000000000000000000000D4
:10FC300000000000000000000000000000000000C4
:10FC400000000000000000000000000000000000B4
:10FC500000000000000000000000000000000000A4
:10FC60000000000000000000000000000000000094
:10FC70000000000000000000000000000000000084
:10FC80000000000000000000000000000000000074
:10FC90000000000000000000000000000000000064
:10FCA0000000000000000000000000000000000054
:10FCB0000000000000000000000000000000000044
:10FCC0000000000000000000000000000000000034
:10FCD0000000000000000000000000000000000024
:10FCE0000000000000000000000000000000000014
:10FCF0000000000000000000000000000000000004
:10FD000000000000000000000000000000000000F3
:10FD100000000000000000000000000000000000E3
:10FD200000000000000000000000000000000000D3
:10FD300000000000000000000000000000000000C3
:10FD400000000000000000000000000000000000B3
:10FD500000000000000000000000000000000000A3
:10FD60000000000000000000000000000000000093
:10FD70000000000000000000000000000000000083
:10FD80000000000000000000000000000000000073
:10FD90000000000000000000000000000000000063
:10FDA0000000000000000000000000000000000053
:10FDB0000000000000000000000000000000000043
:10FDC0000000000000000000000000000000000033
:10FDD0000000000000000000000000000000000023
:10FDE0000000000000000000000000000000000013
:10FDF0000000000000000000000000000000000003
:10FE000000000000000000000000000000000000F2
:10FE100000000000000000000000000000000000E2
:10FE200000000000000000000000000000000000D2
:10FE300000000000000000000000000000000000C2
:10FE400000000000000000000000000000000000B2
:10FE500000000000000000000000000000000000A2
:10FE60000000000000000000000000000000000092
:10FE70000000000000000000000000000000000082
:10FE80000000000000000000000000000000000072
:10FE90000000000000000000000000000000000062
:10FEA0000000000000000000000000000000000052
:10FEB0000000000000000000000000000000000042
:10FEC0000000000000000000000000000000000032
:10FED0000000000000000000000000000000000022
:10FEE0000000000000000000000000000000000012
:10FEF0000000000000000000000000000000000002
:10FF000000000000000000000000000000000000F1
:10FF100000000000000000000000000000000000E1
:10FF200000000000000000000000000000000000D1
:10FF300000000000000000000000000000000000C1
:10FF400000000000000000000000000000000000B1
:10FF500000000000000000000000000000000000A1
:10FF60000000000000000000000000000000000091
:10FF70000000000000000000000000000000000081
:10FF80000000000000000000000000000000000071
:10FF90000000000000000000000000000000000061
:10FFA0000000000000000000000000000000000051
:10FFB0000000000000000000000000000000000041
:10FFC0000000000000000000000000000000000031
:10FFD0000000000000000000000000000000000021
:10FFE0000000000000000000000000000000000011
:10FFF0000000000000000000000000000000000001
:04000005080001E10D
:00000001FF
